china,korea
喂,[감탄사](비교적편하게부르는소리로)어이.야.[동사]기르다.사육하다.(음식이나약을)먹이다.
访问,[동사]방문하다.회견하다.방문하다.(정식으로)구경하다.둘러보다.(인터넷을)방문하다.둘러보다.
特意,[부사]특별히.일부러.
凡是,[부사]대강.대체로.
不免,[부사]면할수없다.피하지못하다.
雄伟,[형용사]웅대하고위세가넘치다.웅위하다.웅위하다.웅장하다.
荣幸,[형용사]매우영광스럽다.
朴素,[형용사](색채나디자인이)소박하다.화려하지않다.절약하다.알뜰하다.순박하고꾸밈이없다.맹아상태의.초기의.
尖锐,[형용사]날카롭다.예리하다.(물체의끝이)뾰족하고날카롭다[예리하다].(소리가)귀청이찢어지는듯날카롭다.격렬하다.날카롭다.
愤怒,[형용사]분노하다.
执行,[동사]집행하다.수행하다.실행하다.
选举,[동사]선거하다.선출하다.
协调,[형용사]어울리다.조화롭다.[동사]어울리게하다.조화롭게하다.
消灭,[동사]소멸하다.없어지다.없애다.사라지게하다.
委托,[동사]위탁하다.의뢰하다.
维护,[동사]유지하고보호하다.지키다.
实行,[동사]실행하다.
融化,[동사](얼음·눈따위가)녹다.융해되다.
嚷,[동사]큰소리로부르다.고함을치다.큰소리로다투다.소란을피우다.책망하다.나무라다.
侵略,[동사]침략하다.
勤劳,[동사](고생을마다않고)열심히일하다.부지런히일하다.
解放,[동사]해방하다.속박에서벗어나다.억압과박탈에서벗어나다.해방되다.해방되다.
煎,[동사](적은기름에)지지다.부치다.달이다.[양사]한약을달이는데세는단위.
雇佣,[동사]고용하다.
关怀,[동사]관심을가지고보살피다.배려하다.
服从,[동사]따르다.복종하다.
等候,[동사]기다리다.
祖先,[명사]선조.조상.조상.
罪犯,[명사]범인.죄인.
祖国,[명사]조국.
宗教,[명사]종교.
嘱咐,[동사]분부하다.당부하다.[명사]분부.당부.
枕头,[명사]베개.
真理,[명사]진리.
政策,[명사]정책.
宇宙,[명사]우주.우주.세계.
缘故,[명사]연고.원인.
液体,[명사]액체.
武器,[명사]무기.병기.투쟁의도구.
统治,[동사]통치하다.다스리다.지배하다.통제하다.[명사]통치.
通讯,[동사]편지를내다.통신하다.통신하다.문자나화상을전송하다.[명사]통신.뉴스.
铜[銅],[명사]동.구리.
体积,[명사]체적.
田野,[명사]논밭과들판.들.
塔,[명사]탑.탑모양의건축물.(Tǎ)성(姓).
寺庙,[명사]사원.절.
舌头,[명사]혀.적에관한정보를얻기위해사로잡은적.
神经,[명사]신경.정신이상.
荣誉,[명사]명예.영예.
企图,[명사]의도.[동사]의도하다.기도하다.
牵[牽],[동사]끌다.끌어잡아당기다.관련되다.연루되다.근심하다.늘생각하다.제약하다.견제하다.
品种,[명사]제품의종류.품종.품종.
谜语,[명사]수수께끼.
民主,[명사]민주.[형용사]민주적이다.
粒,[명사](～儿)알.알갱이.[양사]알.톨.
蜡烛,[명사]초.양초.
恐怖,[형용사]공포를느끼다.전율을느끼다.아주무섭다.[명사]공포분위기.
抗议,[동사]항의하다.[명사]항의.
卷[捲],[동사]말다.감다.(큰힘으로)말아올리다.휩쓸다.[명사](～儿)원통형으로말아놓은물건.(～儿)쥐안쯔.말이.
胡须,[명사]수염.
皇后,[명사]황후.
皇帝,[명사]황제.황제.황제.
横,[형용사]가로의.횡의.가로의.횡의.불합리하다.무리하다.가로의.횡의.
固体,[명사]고체.
光荣,[형용사]영광스럽다.영예롭다.[명사]영예.영광.
鸽子,[명사]비둘기.평화.
革命,[명사]혁명.대변혁.[동사]혁명하다.[형용사]혁명적이다.[동사]혁명하다.왕통(王統)을뒤집다.
肺,[명사]허파.폐.
丁,[명사]성년남자.장정.인구.식구수.종사하는사람.정.천간(天干)의네번째.
当代,[명사]당대.그시대.
磁带,[명사]자기테이프.
除,[동사]제거하다.없애다.[개사]…을(를)제외하고.…이외에.[동사]나누다.제(除)하다.관직을주다.제수(除授)하다.
乘,[동사]오르다.타다.곱하다.곱셈하다.이용하다.
朝代,[명사]왕조의연대.조대.(어떤)시기.시대.
差别,[명사]차별.차이.
残疾,[명사]불구.장애.장애우.장애인.
丙,[명사]불(火)을지칭하기도함.병(丙).(순서·등급에서)세번째.제3위.(Bǐng)성(姓).
棉花,[명사]목화솜.목화.면화
立方,[명사]입방.세제곱.입방체.입방미터.
诸位,[대명사]제위.여러분.
咋,[대명사]어째서.어떻게.
啥,[대명사]무엇.무슨.
若干,[대명사]약간.조금.
大伙儿,[대명사]모두들.모든사람.
以至,[접속사]…까지.…에이르기까지.…로하여.…때문에.
以致,[접속사]…이[가]되다.…을[를]가져오다[초래하다].
以免,[접속사]…하지않도록.…않기위해서.
以便,[접속사]…(하기에편리)하도록.…하기위하여.
倘若,"[접속사]만일[만약,가령]…한다면."
免得,[접속사]…하지않도록.…않기위해서.
连同,[접속사]…과함께.…과같이.
况且,[접속사]게다가.더구나.
进而,[접속사]더나아가.진일보하여.
即便,"[접속사]설령…하더라도[할지라도·일지라도].[가설겸양보를나타내며,흔히‘也(yě)’·‘还(hái)’등의부사와함께쓰임]모종의극단적인상황을나타냄."
固然,[접속사]물론…하[이]지만.물론…(이)거니와.
反之,[접속사]이와반대로.바꾸어서말하면.
幢,[양사]동.채.
艘,[양사]척.[선박을헤아리는데쓰임]
摄氏度,[양사]섭씨(온도).[‘℃’로표기함]
毫米,"[양사]밀리미터(mm).[1미터의1,000분의1]"
足以,[부사]충분히…할수있다.…하기에족하다.
逐年,[부사]한해한해.해마다.
专程,[부사]특별히.일부러…에가다.
终究,[부사]결국.필경.
暂且,[부사]잠시.잠깐.
预先,[부사]사전에.미리.
毅然,[부사]의연히.결연히.
向来,[부사]본래부터.줄곧.
无非,[부사]단지.단지…에지나지않는다.
务必,[부사]반드시.꼭.
未免,[부사](불가피하게)꼭…하게되다.…을[를]면할수없다.…하다고[…이라고]하지않을수없다.아무래도…이다.
唯独,[부사]오직.홀로.
万分,[부사]대단히.극히.
统统,[부사]전부.모두.
索性,[부사]차라리.아예.
随即,[부사]바로.즉각.
私自,[부사]비밀리에.사적으로.
时而,[부사]때때로.이따금.때로는…때로는….
时常,[부사]늘.자주.
势必,[부사]반드시.꼭.
日益,[부사]날로.나날이더욱.
恰巧,[부사]때마침.공교롭게도.
偏偏,[부사]기어코.일부러.마침.공교롭게.유달리.유독.
宁愿,[부사]차라리…할지언정.설령…할지라도.
宁肯,[부사]차라리…할지언정.설령…할지라도.
默默,[부사]묵묵히.말없이.
明明,[부사]분명히.명백히.
屡次,[부사]여러번.누차.
历来,[부사]줄곧.항상.
连年,[부사]연년.여러해계속.
及早,[부사]미리.일찌감치.
就近,[부사]가까운곳에.근방에.
急剧,[부사]급격하게.급속히.
即将,[부사]곧.머지않아.
接连,[부사]연거푸.연이어.
皆,[부사]모두.전부.
胡乱,[부사]함부로.멋대로.대충대충.얼렁뚱땅.
姑且,[부사]잠시.잠깐.
过于,[부사]지나치게.너무.
公然,[부사]공개적으로.거리낌없이.
顿时,[부사]갑자기.곧바로.
大肆,[부사]제멋대로.함부로.
当面,[부사]직접마주하여.맞대면하여.
当场,[부사]당장.그자리에서.
不时,[부사]자주.늘.수시로.불시에.
不料,[부사]뜻밖에.의외에.
不禁,[부사]자기도모르게.절로.
不妨,[부사](…하는것도)괜찮다.무방하다.
甭,[부사]…할필요없다.…하지마라.
资深,[형용사]경력이오랜.베테랑의.
自满,[형용사]자만하다.
自发,[형용사]자발적인.스스로발생한.
自卑,[형용사]스스로남보다못하다고느끼다.스스로열등하다.
卓越,[형용사]탁월하다.출중하다.
庄重,[형용사]장중하다.위엄이있다.
庄严,[형용사]장엄하다.장중하고엄숙하다.
壮烈,[형용사]장렬하다.
壮丽,[형용사]장려하다.웅장하고아름답다.
周密,[형용사]주밀하다.주도면밀하다.
衷心,[형용사]충심의.
忠实,[형용사]충실하다.충직하고성실하다.진실하다.참되다.
忠诚,[형용사]충성하다.충실하다.
真挚,[형용사]성실한.참된.
珍稀,[형용사]진귀하고드물다.
郑重,[형용사]정중하다.점잖고엄숙하다.
正经,[형용사]정직하다.곧다.정당하다.정식의.표준의.엄숙하고진지하다.
正规,[형용사]정규의.표준의.
扎实,[형용사]견실하다.견고하다.착실하다.견실하다.
崭新,[형용사]참신하다.아주새롭다.
愚昧,[형용사]우매하다.어리석고사리에어둡다.
愚蠢,[형용사]어리석다.우둔하다.
原始,[형용사]원시의.원래의.오리지널의.
圆满,[형용사]원만하다.완벽하다.
幼稚,[형용사]유치하다.어리다.유치하다.수준이낮다.
优越,[형용사]우월하다.우량하다.
忧郁,[형용사]우울하다.침울하다.
优异,[형용사]특히우수하다.특출하다.
庸俗,[형용사]범속하다.비속하다.
永恒,[형용사]영원히변하지않다.영원하다.
隐约,[형용사]희미하다.흐릿하다.
英勇,[형용사]영용하다.매우용감하다.
英明,[형용사]영명하다.
一贯,[형용사]한결같다.일관되다.
异常,[형용사]심상치않다.예사롭지않다.[부사]특히.대단히.
野蛮,[형용사]야만적이다.미개하다.잔악하다.흉포하다.
遥远,[형용사](시간이나거리가)요원하다.아득히멀다.
耀眼,[형용사]눈부시다.
炎热,[형용사](날씨가)무덥다.찌는듯하다.
严厉,[형용사]호되다.매섭다.
严峻,[형용사]중대하다.심각하다.엄숙하다.위엄이있다.
严寒,[형용사]추위가심하다.아주춥다.
虚伪,[형용사]허위의.거짓의.
虚假,[형용사]거짓의.허위의.
细致,[형용사]정교하다.세밀하다.꼼꼼하다.치밀하다.
喜悦,[형용사]기쁘다.즐겁다.
羞耻,[형용사]수줍다.부끄럽다.
雄厚,[형용사](인력·물자등이)풍부하다.충분하다.
凶恶,[형용사]흉악하다.
新颖,[형용사]새롭다.신선하다.
欣慰,[형용사]기쁘고안심이되다.기쁘고위안이되다.
辛勤,[형용사]부지런하다.근면하다.
兴旺,[형용사]창성하다.흥성하다.
兴隆,[형용사]창성하다.흥성하다.
性感,[형용사]섹시하다.야하다.
狭窄,[형용사]비좁다.협소하다.(도량·견식등이)좁다.협애하다.
显著,[형용사]현저하다.뚜렷하다.
鲜明,[형용사]분명하다.명확하다.(색깔이)선명하다.
贤惠,[형용사]어질고총명하다.품성이곱다.
响亮,[형용사](소리가)크고맑다.우렁차다.
现成,[형용사]원래부터있는.다시준비할필요가없는.
狭隘,[형용사]좁다.(도량·견식등이)좁다.
无知,[형용사]무지하다.아는것이없다.
乌黑,[형용사]새까맣다.아주검다.
无耻,[형용사]염치없다.부끄러움을모르다.
无偿,[형용사]무상의.대가를바라지않는.
无比,[형용사]더비할바가없다.아주뛰어나다.
文雅,[형용사]품위가있다.우아하다.
温和,[형용사](기후가)따뜻하다.온난하다.온화하다.부드럽다.
顽强,[형용사]완강하다.억세다.
完备,[형용사]완비되어있다.모두갖추다.
外向,[형용사](성격이)외향적이다.대외지향적인.외국[국제]시장을겨냥한.
妥善,[형용사]나무랄데없다.알맞다.
妥当,[형용사]타당하다.알맞다.
通俗,[형용사]통속적이다.
挺拔,[형용사]우뚝하다.곧추솟다.굳세다.강력하다.
天生,[형용사]타고난.선천적인.
特定,[형용사]특정한.특별히지정한.일정한.주어진.
踏实,[형용사]마음이놓이다.편안하다.(태도가)착실하다.실하다.
贪婪,[형용사]매우탐욕스럽다.만족할줄모르다.
斯文,[형용사]우아하다.고상하다.
舒畅,[형용사]상쾌하다.유쾌하다.
爽快,[형용사]시원시원하다.호쾌하다.상쾌하다.유쾌하다.
衰老,[형용사]노쇠하다.늙어쇠약해지다.
十足,[형용사]충분하다.충족하다.성분이순수하다.순도가높다.
慎重,[형용사]신중하다.
神圣,[형용사]신성하다.성스럽다.
神奇,[형용사]신기하다.기묘하다.
生疏,[형용사]생소하다.낯설다.소원하다.친하지않다.서툴다.미숙하다.
深沉,[형용사]내색하지않다.침착하고신중하다.(목소리가)낮고묵직하다.둔탁하다.(정도가)깊다.심하다.
深奥,[형용사](함의나이치가)심오하다.깊다.
奢侈,[형용사]사치하다.낭비하다.
柔和,[형용사]연하고부드럽다.보드랍다.온유하다.온화하다.(빛과색이)부드럽다.강렬하지않다.(소리가)부드럽다.귀를자극하지않다.
融洽,[형용사]사이가좋다.조화롭다.
任意,[형용사]조건없는.임의의.[부사]마음대로.제멋대로.
任性,[형용사]제멋대로하다.마음내키는대로하다.
仁慈,[형용사]인자하다.
确切,[형용사]확실하다.적절하다.정확하다.
齐全,[형용사]완전히갖추다.완비하다.
勤俭,[형용사]근검하다.부지런하고알뜰하다.
清真,[형용사]산뜻하고질박하다.회교식의.이슬람교의.
倾斜,[형용사]기울다.경사지다.(어느한쪽으로)치우치다.편향되다.
清晰,[형용사]또렷하다.분명하다.
晴朗,[형용사]쾌청하다.구름한점없이맑다.
清澈,[형용사]맑고투명하다.
奇妙,[형용사]기묘하다.신기하다.
起码,[형용사]최소한의.기본적인.[부사]적어도.최소한도로.
凄凉,[형용사]처량하다.처참하다.쓸쓸하다.썰렁하다.
切实,[형용사]실용적이다.실제적이다.착실하다.성실하다.
谦逊,[형용사]겸손하다.
恰当,[형용사]알맞다.타당하다.
朴实,[형용사]소박하다.꾸밈이없다.정직하다.성실하다.착실하다.알뜰하다.
颇[頗],[부사]꽤.상당히.[형용사]치우치다.바르지않다.
贫困,[형용사]빈곤하다.곤궁하다.
平行,[형용사]동시에일어나는.동시의.평행인.(지위나등급이)대등한.동등한.
平坦,[형용사](도로·지대등이)평평하다.
平凡,[형용사]평범하다.보통이다.
频繁,[형용사]잦다.빈번하다.
贫乏,[형용사]빈궁하다.가난하다.부족하다.빈약하다.
疲倦,[형용사]피곤[피로·노곤]하다.지치다.느슨하다.늘어지다.
偏僻,[형용사]외지다.궁벽하다.
庞大,[형용사]매우크다.방대하다.
浓厚,[형용사]짙다.(흥미가)크다.강하다.농후하다.강하다.
内在,[형용사]내재적인.내재하는.(마음속에)내재하다.
难堪,[형용사]난감하다.난처하다.견디기[참기]어렵다.
难得,[형용사]얻기어렵다.하기쉽지않다.(출현이나발생이)드물다.오랜만이다.
耐用,[형용사]오래쓸수있다.질기다.
敏锐,[형용사](감각이)빠르다.예민하다.
敏捷,[형용사](생각·동작등이)민첩하다.빠르다.
渺小,[형용사]매우작다.미소하다.
猛烈,[형용사]맹렬하다.세차다.[부사]급격히.갑작스레.
美妙,[형용사]아름답다.훌륭하다.
美满,[형용사]아름답고원만하다.
美观,[형용사](형식·구성등이)보기좋다.예쁘다.
茂盛,[형용사](식물이)우거지다.무성하다.번창하다.번성하다.
茫然,[형용사]아무것도모르거나어쩔줄몰라하는모양.망연하다.실의에빠져정신이흐리멍덩한모양.망연하다.
盲目,[형용사]맹목적(인).무작정.눈먼.
茫茫,[형용사]아득하다.망망하다.
漫长,[형용사](시간·공간이)멀다.길다.
麻木,[형용사]마비되다.저리다.(반응이)둔하다.더디다.
隆重,[형용사]성대하다.성대하고장중하다.
聋哑,[형용사]귀가먹고말도못하다.
流通,[형용사]유통하다.막힘없이잘통하다.(상품·화폐가)유통되다.
吝啬,[형용사]인색하다.쩨쩨하다.
零星,[형용사]자질구레하다.자잘하다.산발적이다.드물다.
灵敏,[형용사]영민하다.재빠르다.
伶俐,[형용사](머리가)영리하다.(말주변이)뛰어나다.
辽阔,[형용사](평야·벌판·수면이)아득히멀고광활하다.넓고넓다.
连锁,[형용사]쇠사슬처럼연결되다[이어지다].연쇄적이다.이어지다.
廉洁,[형용사]청렴결백하다.
冷酷,[형용사]냉혹하다.잔인하다.
类似,[형용사]유사하다.비슷하다.
牢固,[형용사]견고하다.든든하다.
狼狈,[형용사]매우난처[곤란]하다.궁지에빠지다.결탁하다.공모하다.
懒惰,[형용사]게으르다.나태하다.
枯燥,[형용사]무미건조하다.지루하다.
宽敞,[형용사]넓다.드넓다.
快活,[형용사]즐겁다.유쾌하다.
空虚,[형용사]공허하다.텅비다.허전하다.공허하다.
可恶,[형용사]밉다.밉살스럽다.
恳切,[형용사]간절하다.간곡하다.
可口,[형용사]맛있다.입에맞다.
可观,[형용사]대단하다.굉장하다.가관이다.볼만하다.
慷慨,[형용사]후하게대하다.아끼지않다.강개하다.감정이나정서가격앙되다.
开朗,[형용사](생각이)트이다.(성격이)명랑하다.(장소가)탁트이고밝다[훤하다].
剧烈,[형용사]극렬하다.격렬하다.
机智,[형용사]기지가넘치다.
急躁,[형용사]조바심내다.초조해하다.성급하다.조급하다.
吉祥,[형용사]상서롭다.길하다.
急切,[형용사]절박하다.다급하다.황급하다.긴박하다.
紧迫,[형용사]급박하다.긴박하다.
精致,[형용사]정치하다.정교하고치밀하다.
惊讶,[형용사]의아스럽다.놀랍다.
精心,[형용사]정성을들이다.몹시조심하다.
精确,[형용사]정밀하고확실하다.정확(精確)하다.
惊奇,[형용사]놀라며의아해하다.경이롭게생각하다.
精密,[형용사]정밀하다.
寂静,[형용사]조용하다.고요하다.
杰出,[형용사]걸출한.남보다뛰어난[빼어난].
饥饿,[형용사]배고프다.굶주리다.
机动,[형용사]발동기[엔진·모터]로움직이는.기동적인.기민한.탄력적으로운용하는.융통성이있는.
焦急,[형용사]초조하다.조급해하다.
坚硬,[형용사]단단하다.견고하다.
简要,[형용사]간결하고핵심을찌르는.
坚实,[형용사]견실하다.견고하다.건장하다.튼튼하고실하다.
坚韧,[형용사]단단하고질기다.강인하다.완강하다.
艰难,[형용사]곤란하다.어렵다.
简陋,[형용사](가옥·설비등이)초라하다.조촐하다.
间接,[형용사]간접적인.
僵硬,[형용사](사지가)뻣뻣하다.경직되다.융통성이없다.딱딱하다.
坚固,[형용사]견고하다.견뢰(堅牢)하다.
混浊,[형용사](물·공기따위가)혼탁하다.(세상이)혼탁하다.암담하고추악하다.
混乱,[형용사]혼란하다.문란하다.
辉煌,[형용사](빛이)휘황찬란하다.눈부시다.(성취·성과가)눈부시다.뚜렷하다.
欢乐,[형용사]즐겁다.유쾌하다.
荒唐,[형용사]황당하다.터무니없다.(행위가)방종하다.방탕하다.
荒谬,[형용사]엉터리이다.터무니없다.
荒凉,[형용사]황량하다.쓸쓸하다.
华丽,[형용사]화려하다.아름답다.
宏伟,[형용사](규모·기세따위가)웅장하다.웅대하다.
宏观,[형용사](자연과학에서)거시적.매크로(macro).거시적.
和谐,[형용사]잘어울리다.조화롭다.
合算,[형용사]수지가[채산이]맞다.(종합적으로)고려하다.생각하다.
和睦,[형용사]화목하다.사이가좋다.
和蔼,[형용사]상냥하다.부드럽다.
豪迈,[형용사]호매하다.용감하고아량이있다.
罕见,[형용사]보기드물다.희한하다.
固有,[형용사]고유의.
过瘾,[형용사]짜릿하다.끝내주다.신나다.만족하다.
果断,[형용사]과단성[결단력]이있다.
过度,[형용사]과도하다.지나치다.
古怪,[형용사]괴상하다.괴이하다.
广阔,[형용사]넓다.광활하다.
公正,[형용사]공정[공평]하다.공명정대하다.
恭敬,[형용사]공손하다.정중하다.
公道,[형용사]공평하다.공정하다.
高尚,[형용사]도덕적으로고결하다[고매하다].고상하다.품위있다.
高超,[형용사]출중하다.특출나다.
干旱,[형용사]가뭄.가물.
尴尬,[형용사]입장이곤란하다[난처하다].(기색·태도등이)부자연스럽다.어색하다.
分明,[형용사]명확하다.분명하다.[부사]명백히.분명히.
丰盛,[형용사](음식등이)풍성하다.성대하다.
丰满,[형용사]풍만하다.포동포동하다.충분하다.풍족[풍부]하다.(깃털이)자라다.
锋利,[형용사](공구·무기등이)날카롭다.예리하다.(언론·필치등이)날카롭다.예리하다.
肥沃,[형용사]비옥하다.
非法,[형용사]불법적인.비합법적인.
繁忙,[형용사]일이많고바쁘다.
繁华,[형용사](도시·거리가)번화하다.
反常,[형용사]이상하다.정상이아니다.
额外,[형용사]정액외의.정원외의.별도의.그밖의.
对称,[형용사](도형이나물체가)대칭이다.
短促,[형용사](시간이)매우짧다.급박[촉박]하다.
陡峭,[형용사](산세등이)험준하다.가파르다.
大致,[부사]대개.대략.대체로.대강.[형용사]대략적인.대체적인.
大意,[형용사]부주의하다.소홀하다.
胆怯,[형용사]겁내다.겁이많다.
大不了,[형용사]대단하다.굉장하다.(부피·수량등이)크지않다.많지않다.[부사]기껏해야.고작.
粗鲁,[형용사]거칠고우악스럽다.교양이없다.
脆弱,[형용사]연약하다.취약하다.(체질이)약하다.굳세지못하다.나약하다.
慈祥,[형용사]자애롭다.자상하다.
纯粹,[형용사]순수하다.깨끗하다.[부사]순전히.완전히.
垂直,[형용사]수직의.
初步,[형용사]처음단계의.시작단계의.
稠密,[형용사]조밀하다.촘촘하다.
丑恶,[형용사]추악하다.더럽다.
充足,[형용사]충분하다.충족하다.
充沛,[형용사]넘쳐흐르다.충족하다.
崇高,[형용사]숭고하다.고상하다.
迟疑,[형용사]망설이다.머뭇거리다.
持久,[형용사]오래유지되다.지속되다.
迟缓,[형용사]느리다.완만하다.
沉重,[형용사]몹시무겁다.(정도가)심하다.심각하다.(심정이)우울하다.울적하다.
沉闷,[형용사](성격이)명랑하지않다.쾌활하지않다.(마음이)홀가분하지않다.답답하다.(분위기·날씨등이)음울하다.무겁다.(소리가)작다.낮다.
陈旧,[형용사]낡다.오래되다.
诚挚,[형용사]성실하고진실하다.진지하다.
畅销,[형용사]판로가넓다.잘팔리다.
畅通,[형용사]원활하다.막힘없이잘통하다.
昌盛,[형용사]창성하다.흥성하다.
嘈杂,[형용사]떠들썩하다.시끌벅적하다.
草率,[형용사]적당히하다.대강하다.
残忍,[형용사]잔인하다.악랄하다.
灿烂,[형용사]찬란하다.눈부시다.휘황찬란하다.아름답다.
残酷,[형용사]잔혹하다.냉혹하다.참혹하다.혹독하다.
仓促,[형용사]촉박하다.황급하다.
苍白,[형용사]창백하다.파리하다.생기가없다.무기력하다.
不像话,[형용사](언행이)말이안된다.이치에맞지않다.꼴불견이다.꼴같지않다.
不得已,[형용사]어쩔수없이.부득이하다.
薄弱,[형용사]박약하다.취약하다.
别致,[형용사]색다르다.별나다.
别扭,[형용사](말이나글이)어색하다.부자연스럽다.변덕스럽다.괴팍하다.의견이맞지않다.사이가좋지않다.부담스러워하다.불편해하다.
笨拙,[형용사]멍청하다.우둔하다.
被动,[형용사]피동적이다.수동적이다.소극적이다.
悲惨,[형용사]비참하다.슬프다.
卑鄙,[형용사](언행·인품이)비열하다.졸렬하다.비천하다.천하다.
饱和,[형용사](사물의상태가)최고조에달하다.포화상태에이르다.포화.
凹凸,[형용사]울퉁불퉁하다.
安详,[형용사]침착하다.차분하다.
安宁,[형용사](마음이)편하다.안정되다.평온하다.안정되다.
昂贵,[형용사]비싸다.
暧昧,[형용사](의도·태도따위가)애매하다.불확실하다.(행위가)떳떳치못하다.(남녀관계가)그렇고그런사이다.
嘛,[조사]서술문뒤에쓰여당연함을나타냄.문장가운데쓰여휴지(休止)를나타내며상대의주의를이끌어냄.기원문끝에쓰여바람과만류를나타냄.
啦,[조사]‘了(·le)’와‘啊(·a)’의합음사로양자의의미를겸유함.
而已,[조사]…뿐이다.
做主,[동사]주인이되다.책임지고결정하다.
作息,[동사]일하고휴식하다.
作废,[동사]폐기하다.
作弊,[동사]법이나규정을어기다.나쁜짓을하다.
遵循,[동사]따르다.
阻挠,[동사]가로막다.방해하다.
租赁,[동사]임차(賃借)하다.(세를주고)빌리다.임대(賃貸)하다.세를놓다.
阻拦,[동사]저지하다.방해하다.
钻研,[동사]깊이연구[탐구]하다.심혈을기울이다.
走私,[동사]밀수하다.
走漏,[동사](정보를)누설하다.밀수로탈세하다.일부가도난당하다.새다.
揍,[동사](사람을)때리다.치다.깨다.깨뜨리다.
自主,[동사]자주적이다.자주적으로한다.
资助,[동사](재물로)돕다.
注重,[동사]중시하다.중점을두다.
驻扎,[동사]주둔하다.주재하다.
铸造,[동사]주조하다.
注视,[동사](면밀하게)주시하다.주의깊게살피다.주목하다.
注射,[동사]주사하다.
着重,[동사]힘을주다.강조하다.
着想,[동사]생각하다.고려하다.
着手,[동사]착수하다.시작하다.
追究,[동사](원인·연유를)추궁하다.따지다.(원인·책임등을)규명하다.
追悼,[동사](죽은자를)추모하다.추도하다.
主办,[동사]주최하다.
转折,[동사]방향이바뀌다.전환하다.전환하다.
转移,[동사](방향이나위치를)전이하다.옮기다.바꾸다.변경하다.
转让,[동사](재물이나권리를)양도하다.넘겨주다.
装卸,[동사]조립하고해체하다.싣고부리다.하역하다.
转达,[동사]전하다.전달하다.
拽,[동사]잡아당기다[끌다].세차게끌다.
拄,[동사](지팡이로)몸을지탱하다.짚다.
周转,[동사]돌리다.융통하다.(자금을)회전시키다.
终止,[동사]마치다.정지하다.
中断,[동사]중단하다.중단되다.
制止,[동사]제지[저지]하다.
指责,[동사]지적하다.질책하다.
制约,[동사]제약하다.
支援,[동사]지원하다.
致使,[동사]…를초래하다.…를야기하다.
支配,[동사]안배하다.분배하다.지배하다.통제하다.
滞留,[동사]…에머물다[체류하다].
治理,[동사]통치하다.다스리다.정비하다.수리하다.
指定,[동사]지정하다.확정하다.
致辞,[동사](의식이나집회에서)인사말을하다.축사를하다.
支撑,[동사]버티다.받치다.견디다.지탱하다.
制裁,[동사]제재하다.
直播,[동사]직파하다.직접파종하다.생중계하다.직접중계하다.
值班,[동사]당번이되다.당직을맡다.
折腾,[동사](육체적·정신적으로)고통스럽게하다.구박하다.잠자리에서몸을이리저리뒤척이다.엎치락뒤치락하다.반복하다.되풀이하다.
斟酌,[동사]헤아리다.짐작하다.
振兴,[동사]진흥시키다.
镇静,[형용사]냉정하다.침착하다.[동사]진정하다.마음을가라앉히다.
震惊,[형용사]깜짝놀라게하다.경악하게하다.[동사]놀라게하다.
挣扎,[동사]발버둥치다.몸부림치다.
珍贵,[형용사]진귀하다.귀중하다.[동사]아끼고사랑하다.진귀하게여기다.
征收,[동사](공출미나세금을)징수하다.
证实,[동사]실증하다.사실을증명하다.
争气,[동사]잘하려고애쓰다.지지않으려고애쓰다.명예를[체면을]세우다.
征服,[동사]정복하다.굴복시키다.정복하다.극복하다.마음을사로잡다.매혹[매료]시키다.
蒸发,[동사]증발하다.증발하다.종적이없이사라지다.
争夺,[동사]쟁탈하다.다투다.
整顿,[동사]정비하다.바로잡다.
正当,[동사]마침…한시기이다.[개사]곧[막]…에있다.
振奋,[형용사]분기하다.분발하다.[동사]용기를북돋우다.고무[격려]하다.
镇定,[형용사]침착하다.냉정하다.[동사]진정시키다.(흥분을)가라앉히다.
折磨,[동사](육체적정신적으로)고통스럽게하다.괴롭히다.
诈骗,[동사]속이다.갈취하다.
照耀,[동사]밝게비추다.환하게비추다.
照样,[동사]어떤모양대로하다.그대로하다.[부사]여전히.변함없이.
招收,[동사](학생·일꾼등을)모집하다.받아들이다.
着迷,[동사]몰두하다.사로잡히다.
瞻仰,[동사]첨앙하다.우러러보다.참배하다.
展现,[동사]드러내다.나타나다.
展示,[동사]드러내다.나타내다.
占领,[동사](토지나진지를)점령하다.점유하다.점거하다.
占据,[동사]점거하다.점유하다.
沾光,[동사]덕을보다.
眨,[동사](눈을)깜박거리다.깜짝이다.
增添,[동사]더하다.늘리다.
赠送,[동사]증정하다.선사하다.
责怪,[동사]원망하다.나무라다.
遭殃,[동사]재난을입다.불행[재앙]을당하다.
糟蹋,[동사]낭비하다.못쓰게하다.모욕하다.짓밟다.유린하다.능욕하다.
遭受,[동사](불행또는손해를)입다.당하다.
赞助,[동사]찬조하다.지지하다.
赞叹,[동사]찬탄하다.감탄하며찬미하다.
攒[攢],[동사]쌓다.모으다.
杂交,[동사]교잡하다.교배하다.
在意,[동사]마음에두다.
栽培,[동사]심어가꾸다.배양하다.인재를기르다[양성하다].(관료사회에서)발탁하다.등용하다.
砸,[동사](무거운것으로)눌러으스러뜨리다.내리치다.때려[두드려]부수다.깨뜨리다.실패하다.망치다.
预期,[동사]예기하다.미리기대하다.
孕育,[동사]낳아기르다.생육하다.배양하다.배태하다.
运行,[동사]운행하다.
运算,[동사]연산하다.운산하다.
酝酿,[동사]술을빚다.술을발효시키다.사전에미리준비하다[마련하다·조성하다·토의하다].(생각등을)가다듬다.기르다.쌓아가다.
蕴藏,[동사]잠재하다.매장되다.
熨,[동사]다리다.다림질하다.
约束,[동사]단속하다.규제하다.
优先,[동사]우선하다.
犹如,[동사]마치…와[과]같다.
诱惑,[동사]꾀다.유혹하다.끌어들이다.매료[매혹]시키다.
踊跃,[동사]펄쩍뛰어오르다.껑충껑충뛰다.[형용사]열렬하다.활기차다.
勇于,[동사]용감하게[과감하게·뱃심좋게·겁내지않고]…하다.
拥有,[동사]보유하다.소유하다.
涌现,[동사]한꺼번에나타나다[생겨나다·배출되다].
拥护,[동사]옹호하다.지지하다.
意味着,[동사]의미하다.뜻하다.
引用,[동사]인용하다.임용하다.
隐瞒,[동사](진상을)숨기다.속이다.
应邀,[동사]초청[초대]에응하다.초청을받아들이다.
引导,[동사]인도하다.인솔하다.안내하다.지도하다.
隐蔽,[동사]은폐하다.가리다.[형용사]은폐된.가려진.
遗留,[동사]남겨놓다.남기다.
依赖,[동사]의지하다.기대다.의존하다.불가분의관계이다.
依旧,[동사](상황이)여전하다.의구하다.[부사]여전히.
遗传,[동사]유전하다.
压制,[동사]억제하다.제지하다.눌러서만들다.압착하여만들다.
压榨,[동사]압착하다.눌러서짜내다[짜다].(잔혹하게)착취[수탈]하다.
压抑,[형용사]답답하다.부자연스럽다.[동사]억누르다.억제하다.
压缩,[동사]압축하다.줄이다.축소하다.
压迫,[동사]억압하다.압박하다.
要命,[부사]엄청.아주.[동사]죽을지경이다.귀찮아죽겠다.목숨을앗아가다.죽을지경에이르다.
遥控,[동사](기계등을)원격조종하다.(사람을)원격조종하다.
摇摆,[동사]흔들거리다.흔들흔들하다.(입장·관점등이)동요되다.동요하다.
演奏,[동사]연주하다.
验证,[동사]검증하다.증명서를대조확인하다.
延续,[동사]계속하다.지속하다.
演习,[동사]훈련하다.연습하다.
厌恶,[동사]염오하다.혐오하다.
验收,[동사]검수(檢收)하다.검사하여받다.
掩饰,[동사](결점·실수따위를)덮어숨기다.감추다.
延伸,[동사]펴다.늘이다.
延期,[동사](기간을)연장하다.늘리다.(원래정한기간을)뒤로미루다.늦추다.
淹没,[동사](큰물에)잠기다.수몰되다.(소리등이)파묻히다.
严密,[형용사]빈틈없다.치밀하다.엄밀하다.주도면밀하다.[동사]엄밀하게하다.빈틈없이하다.
严禁,[동사]엄금하다.엄격하게금지하다.
掩盖,[동사]위에서덮어씌우다.복개하다.덮어가리다.감추다.
演变,[동사]변화발전하다.변천하다.
寻觅,[동사]찾다.
巡逻,[동사]순찰하다.순시하다.
循环,[동사]순환하다.
畜牧,[동사]축산하다.목축하다.
许可,[동사]허가하다.승낙하다.
酗酒,[동사]무절제하게술을마시다.주정하다.
削弱,[동사]약화되다.약해지다.약화시키다.약하게하다.
旋转,[동사](빙빙)돌다.회전하다.(정세를)변환[전환]시키다.돌려세우다.
宣扬,[동사]선양하다.널리알리다.
宣誓,[동사]선서하다.
悬挂,[동사]걸다.매달다.
选拔,[동사](인재를)선발하다.
修建,[동사]건조(建造)하다.건설하다.
修复,[동사]수리하여복원하다.수복하다.(관계를)개선하여회복하다.(조직을)복원하다.재생하다.
心疼,[동사]아까워하다.애석해하다.몹시아끼다[사랑하다·귀여워하다].
信赖,[동사]신뢰하다.신임하다.
熄灭,[동사](등이나불이)꺼지다.소멸하다.
袭击,[동사]기습[습격]하다.(의외의)습격[타격]을입다.
协助,[동사]협조하다.거들어주다.
协商,[동사]협상하다.협의하다.
泄气,[동사]공기가새다.바람이빠지다.분풀이하다.울분을터뜨리다.자신감을[용기를]잃다.기가죽다.[형용사]한심하다.형편없다.
泄露,[동사](비밀·기밀등을)누설하다.폭로하다.
谢绝,[동사]사절하다.정중히거절하다.
携带,[동사]휴대하다.지니다.(아랫사람을)키워주다.이끌어주다.
销毁,[동사]소각하다.불태워없애다.
消毒,[동사]소독하다.해독(害毒)을없애다.
消除,[동사]없애다.해소하다.
陷入,[동사](불리한지경에)빠지다.떨어지다.몰두하다.몰입하다.
掀起,[동사]열다.들어올리다.위로용솟음치다.출렁거리다.불러일으키다.행동하게하다.
衔接,[동사]맞물리다.맞물다.
陷害,[동사]모함하다.모해하다.
响应,[동사](구두로)대답하다.응답하다.(호소·제안등에)호응하다.응하다.
相应,[동사]상응하다.서로맞다.[형용사]적합하다.적당하다.
向往,[동사]열망하다.갈망하다.
镶嵌,[동사]끼워넣다.박아넣다.
相等,[동사]같다.대등하다.
相差,[동사]서로차이가나다.서로다르다.
诬陷,[동사]무함하다.사실을날조하여모함하다.
侮辱,[동사]모욕[모독·능욕]하다.
污蔑,[동사]모독하다.중상하다.더럽히다.
问世,[동사]세상에나오다.발표되다.
伪造,[동사]위조하다.날조하다.
慰问,[동사](말이나선물로)위문하다.위로하고안부를묻다.
为难,[형용사]난처하다.난감하다.[동사]난처[곤란·난감]하게만들다.어렵게[힘들게]하다.
畏惧,[동사]두려워하다.무서워하다.
维持,[동사]유지하다.지키다.지지하다.후원하다.
违背,[동사]위반하다.위배하다.
惋惜,[동사]애석해하다.안타까워하다.
玩弄,[동사]희롱하다.우롱하다.가지고놀다.만지작거리다.(수단을)부리다.쓰다.뽐내다.자랑하다.
挽救,[동사](위험에서)구해내다.구제하다.
挽回,[동사]만회하다.돌이키다.(이권등을)회수하다.되찾다.
完毕,[동사]끝내다.마치다.
挖掘,[동사]파(내)다.캐다.찾아내다.발굴하다.
瓦解,[동사]와해되다.분열하다.와해시키다.붕괴시키다.
歪曲,[동사]왜곡하다.
突破,[동사]돌파하다.(한계·난관을)돌파하다.타파하다.
托运,[동사](짐·화물을)탁송하다.운송을위탁하다.
拖延,[동사](시간을)끌다.지연하다.
妥协,[동사]타협하다.타결되다.
脱离,[동사]벗어나다.떠나다.(관계·연계등을)단절하다.끊다.
涂抹,[동사]칠하다.바르다.마음대로[엉망으로]갈겨쓰다[그리다].함부로낙서하다.(글자등을)덧칠해서지우다.
推销,[동사]판로를확장하다[넓히다].(어떠한제품을)마케팅하다.
推翻,[동사]뒤집어엎다.(정권을)전복시키다.(사회제도를)뜯어고치다.뒤집다.뒤엎다.
推测,[동사]추측하다.헤아리다.
团圆,[동사]흩어졌다가다시모이다.한자리에모이다.[형용사]동글동글[둥글둥글]하다.동그스름[둥그스름]하다.
团结,[동사]단결하다.뭉치다.[형용사]화목하다.우호적이다.
投掷,[동사]던지다.투척하다.
投降,[동사]투항하다.항복하다.(제뜻을굽혀)남에게굴종하다[굴복하다].
投票,[동사]투표하다.
投机,[형용사]견해가일치하다.의기투합하다.[동사]투기하다.
通用,[동사](일정범위안에서)보편적으로사용하다.통용되다.통용하다.바꾸어쓰다.
停滞,[동사]정체되다.막히다.
停顿,[동사]머물다.묵다.(말을)잠시쉬다[멈추다].휴지(休止)하다.(일을)중지하다.중단하다.
停泊,[동사](배가)정박하다.머물다.
体谅,[동사](남의입장에서)알아주다.이해하다.
提炼,[동사]추출하다.정련하다.다듬다.제고하다.
提拔,[동사]발탁하다.등용하다.
跳跃,[동사]뛰어오르다.도약하다.
挑衅,[동사]도전하다.도발하다.
挑剔,[동사](결점·잘못등을)지나치게트집잡다.지나치게책망하다.
调解,[동사]조정하다.중재하다.
调节,[동사]조절하다.
调剂,[동사]조절하다.조정하다.조제하다.
调和,[동사]알맞게배합하다.골고루섞다.분규를해결하다.화해시키다.타협하다.양보하다.[형용사]배합이알맞다.
挑拨,[동사]충동질하다.부추기다.
舔,[동사]핥다.
淘汰,[동사]도태하다.추려내다.
掏,[동사](손이나도구로)꺼내다.끄집어내다.파다.후비다.
贪污,[동사]탐오하다.횡령하다.
探望,[동사]방문하다.문안하다.보다.살피다.
探讨,[동사]연구토론하다.탐구하다.
探索,[동사]탐색[탐구]하다.찾다.
叹气,[동사]탄식하다.한숨짓다.
瘫痪,[동사]반신불수가되다.중풍이들다.(조직따위가)마비되다.정지되다.
探测,[동사](기구로)탐측하다.관측하다.탐구하다.추측하다.
坦白,[형용사]담백하다.솔직하다.[동사]솔직하게말하다.숨김없이고백하다[털어놓다].
塌,[동사]꺼지다.움푹패다.무너지다.붕괴하다.안정되다.진정되다.늘어지다.처지다.
塑造,[동사](진흙등으로)빚어서만들다.조소하다.인물을형상화하다[묘사하다].
苏醒,[동사]되살아나다.소생하다.사물이희생하다[재생하다].
诉讼,[동사]소송하다.고소하다.
损坏,[동사]손상시키다.훼손시키다.
随意,[부사](자기)마음대로.뜻대로.[동사](자기)생각대로하다.뜻대로하다.
算数,[동사]숫자를세다.수를헤아리다.(～儿)한말을책임지다.말한대로하다.그뿐이다.그만이다.
耸[聳],[동사]치솟다.우뚝솟다.주의를불러일으키다.주의를끌다.(어깨를)추키다.으쓱거리다.
饲养,[동사]먹이다.기르다.
思索,[동사]사색하다.깊이생각하다.
思念,[동사]그리워하다.보고싶어하다.
树立,[동사]수립하다.세우다.
束缚,[동사]구속하다.속박하다.줄로묶다.결박하다.
衰退,[동사]쇠약해지다.쇠퇴하다.쇠퇴하다.쇠락하다.
率领,[동사](무리나단체를)거느리다.이끌다.
受罪,[동사]고생하다.고난을당하다.괴롭다.벌을받다.
授予,[동사]수여하다.주다.
收缩,[동사]수축하다.졸아들다.긴축하다.축소하다.
守护,[동사]지키다.수호하다.
收藏,[동사]수장하다.소장하다.보관하다.보존하다.
失踪,[동사]실종되다.종적이묘연하다.
施展,[동사](수완이나재능을)발휘하다.펼치다.(수단을)부리다.취하다.
适宜,[형용사]알맞다.[동사]적합하다.적당하다.
示意,[동사]의사를나타내다.뜻을표시하다.
试图,[동사]시도하다.
逝世,[동사]서거하다.세상을떠나다.
实施,[동사]실시하다.실행하다.
施加,[동사]주다.가하다.
释放,[동사]석방하다.방출하다.내보내다.
识别,[동사]식별하다.변별하다.
拾,[동사]줍다.집다.[수사]열.10.[동사]정리하다.수습하다.
设置,[동사]설치하다.설립하다.설치하다.놓다.
呻吟,[동사]신음하다.
渗透,[동사](액체가)스며들다.투과하다.삼투하다.침투하다.스며들다.
审判,[동사](안건을)심판하다.재판하다.
审理,[동사]심리하다.심사하여처리하다.
生育,[동사]출산하다.아이를낳다.
生锈,[동사]녹이슬다.
盛行,[동사]성행하다.널리유행하다.
生效,[동사]효과가나타나다.효력이발생하다.
盛开,[동사](꽃이)활짝피다.만발하다.
盛产,[동사]많이나다.많이생산하다.
审查,[동사]심사하다.검열하다.
申报,[동사](상급·관련기관에)서면으로보고하다.
设立,[동사](기구·조직등을)설립하다.건립하다.
涉及,[동사]관련되다.연관되다.미치다.관계되다.포함하고있다.언급하다.접촉하다.이해하다.
捎,[동사]가는김에지니고가다.인편에보내다.
擅自,[동사](월권하여)자기멋대로하다.독단적으로하다.
闪烁,[동사]번쩍번쩍하다.반짝이다.떠듬거리다.어물쩍거리다.(기억이)희미하다.어렴풋하다.
上瘾,[동사]중독되다.인이박이다.
筛选,[동사]체로치다.걸러내다.골라내다.
丧失,[동사]잃어버리다.상실하다.
散发,[동사]발산하다.퍼지다.배포하다.
散布,[동사]퍼져있다.곳곳에분산되다.퍼뜨리다.유포하다.
撒谎,[동사]거짓말을하다.허튼소리를하다.
揉,[동사](손으로)비비다.주무르다.(손으로둥글게)빚다.반죽하다.(물건을)구부리다.휘다.
容忍,[동사]용인하다.참고견디다.
容纳,[동사]수용하다.넣다.포용하다.용납하다.
溶解,[동사]용해하다.
人为,[형용사]인위적인.[동사]사람이하다.
忍受,[동사]이겨내다.참다.
忍耐,[동사]인내하다.참다.
任命,[동사]임명하다.
认可,[동사]승낙하다.인가하다.
仍旧,[부사]여전히.변함없이.[동사]예전대로하다.옛것을따르다.
认定,[동사]인정하다.확신하다.확정적으로여기다.
惹祸,[동사]화를초래하다.일을저지르다.
饶恕,[동사](처벌을)면해주다.용서하다.
扰乱,[동사]혼란시키다.어지럽히다.
让步,[동사]양보하다.
染,[동사]염색하다.물들이다.물들다.전염되다.감염되다.연루되다.연관되다.
驱逐,[동사]몰아내다.쫓아내다.
屈服,[동사]굴복하다.
区分,[동사]구분하다.분별하다.
缺席,[동사]결석하다.
确立,[동사]확립하다.확고하게세우다.
确保,[동사]확보하다.확실히보장하다.
瘸,[동사]절뚝거리다.절름거리다.
取缔,[동사](공개적으로)금지[취소]를명하다.
欺骗,[동사]속이다.사기치다.
亲热,[형용사]친밀하고다정스럽다.친절하다.[동사]친밀하고다정한태도를보이다.
钦佩,[동사]경복(敬服)하다.탄복하다.
清醒,[형용사](정신이)맑다.분명하다.[동사]정신이들다.의식을회복하다.
倾听,[동사]귀를기울여듣다.경청하다.
清理,[동사]깨끗이정리[처분]하다.
清洁,[형용사]깨끗하다.청결하다.[동사]깨끗[청결]하게하다.
请教,[동사]가르침을청하다.
清除,[동사]깨끗이없애다.
侵犯,[동사]침범하다.(타국의영역을)침범하다.
起哄,[동사]놀리다.조롱하다.(많은사람이함께)소란을피우다.법석을떨다.
起伏,[동사]기복을이루다.(정서·감정등이)변화하다.변동되다.
欺负,[동사]얕보다.괴롭히다.
启程,[동사]출발하다.길을나서다.
起草,[동사]기초하다.글의초안을작성하다.
洽谈,[동사]협의하다.상담하다.
翘[翹],[형용사]휘다.뒤틀리다.[동사](고개를)치켜들다.곧추세우다.[형용사]뛰어나다.걸출하다.
牵制,[동사]견제하다.
谴责,[동사]비난하다.질책하다.
迁徙,[동사]옮겨가다.
签署,[동사](중요한문서상에)정식서명하다.
迁就,[동사](마지못해)영합하다.끌려가다.
强制,[동사]강제하다.강요하다.
强迫,[동사]강요하다.강제로시키다.
抢救,[동사](응급상황에서)서둘러구호하다.구출하다.구하다.
抢劫,[동사]강도짓하다.(재물을)강탈하다.
牵扯,[동사]연루되다.관련되다.
掐,[동사](손가락으로)꼬집다.끊다.(손톱끝으로)누르다.(범아귀로)조르다.누르다.차단하다.
普及,[동사]보급되다.확산되다.널리확산시키다.보편화시키다.[형용사]보편화된.대중화된.
铺[鋪],[동사](물건을)깔다.펴다.[양사]‘炕(온돌)’을세는단위.
破例,[동사]상례[관례·통례]를깨다.
迫害,[동사]박해하다.학대하다.
泼[潑],[동사](물등의액체를)뿌리다.붓다.[형용사]무지막지하다.제멋대로이다.박력이있다.과감하다.
譬如,[동사]예를들다.
批判,[동사]비판하다.지적하다.비평하다.장단점을분석하다[지적하다].[부사]비판적으로.
拼命,[동사]기를쓰다.죽을힘을다하다.목숨을내걸다[내던지다].목숨을버리다.
评估,[동사]평가하다.
品尝,[동사]맛보다.시식(試食)하다.
拼搏,[동사]전력을다해분투하다.끝까지싸우다.
批发,[동사]도매하다.
疲惫,[형용사]대단히피곤[피로]하다.대단히지치다.[동사]몹시피곤하게[피로하게·지치게]하다.
飘扬,[동사](바람에)펄럭이다.휘날리다.
漂浮,[동사](물이나액체위에)뜨다.(물위에서)이리저리떠다니다.표류하다.(일하는것이)착실[성실]하지않다.겉으로만하다.
烹饪,[동사]요리[조리]하다.
捧,[동사]두손으로받쳐들다.받들다.남에게아첨하다.치켜세우다.[양사]움큼.[두손으로받쳐들거나움켜뜰수있는것에쓰임]
培育,[동사]기르다.재배하다.(인재를)양성하다.육성하다.
配套,[동사]하나의세트로만들다.(부품을모아)조립하다.
抛弃,[동사]버리다.포기하다.
盘旋,[동사]선회하다.빙빙돌다.배회하다.머물다.
攀登,[동사]등반하다.타고오르다.기어오르다[나아가다].[추상적인사물에쓰임]
派遣,[동사]파견하다.
徘徊,[동사]거닐다.왔다갔다하다.망설이다.주저하다.오르락내리락하다.
排放,[동사]배출하다.방류하다.(동물이)정자[난자]를배출하다.차례대로놓다.
排除,[동사]제거하다.없애다.
排斥,[동사]배척하다.
趴,[동사]엎드리다.몸을앞으로기울여물체에기대다.
呕吐,[동사]구토하다.
殴打,[동사]구타하다.
虐待,[동사]학대하다.
挪,[동사]옮기다.움직이다.유용(流用)하다.돌려쓰다.
扭转,[동사]교정하다.바로잡다.(반대방향으로)돌리다.
凝视,[동사]주목[응시]하다.눈여겨보다.
凝聚,[동사]맺히다.응집하다.응집되다.
凝固,[동사]응고하다.굳어지다.고정되어변하지않다.정체되다.
捏,[동사]집다.잡다.(손으로)빚다.빚어만들다.(손으로)잡다.쥐다.날조(捏造)하다.조작하다.
拟定,[동사]입안하다.초안을세우다.추측하여단정하다.
恼火,[동사]화내다.노하다.[형용사]견딜[참을]수없다.짜증나다.
沐浴,[동사]목욕하다.햇빛과비와이슬을흠뻑받다.푹빠지다.흠뻑젖다.
目睹,[동사]직접보다.목도하다.
谋求,[동사]강구하다.모색하다.
摸索,[동사](방법·경험따위를)모색하다.(나아가기위해)더듬다.
抹杀,[동사]말살하다.없애다.
磨合,[동사]길들(이)다.적응하다.조화하다.협의하다.교섭하다.
迷人,[동사]사람을홀리다[미혹시키다].마음이끌리다[쏠리다].매력적이다.매혹적이다.
命名,[동사]명명하다.이름짓다.
弥漫,[동사]자욱하다.가득하다.
迷惑,[동사]미혹되다[미혹시키다].현혹되다[현혹시키다].[형용사]시비를가리지못하다.정신을차리지못하다.
密封,[동사]밀봉하다.밀폐하다.[형용사]밀봉한.밀폐된.
灭亡,[동사]멸망하다.멸망시키다.소멸시키다.
蔑视,[동사]멸시[경시]하다.깔보다.
弥补,[동사]메우다.보충[보상·보완·벌충]하다.
描绘,[동사]베끼다.그리다.
免疫,[동사]면역이되다.
勉强,[형용사]간신히[가까스로·억지로]…하다.마지못하다.내키지않다.견강부회(牽强附會)하다.억지스럽다.그런대로…할만하다.아쉬운대로…할만하다.
勉励,[동사]면려하다.고무(鼓舞)하다.
眯,[동사]실눈을뜨다.눈을가늘게뜨다.잠깐눈을붙이다.선잠[겉잠]을자다.
麻醉,[동사]마취하다.(의식을)마비시키다.현혹시키다.
冒充,[동사]사칭하다.가장하다.
埋怨,[동사]탓하다.불평하다.
蔓延,[동사]만연하다.(사방으로)널리번지다[퍼지다].(풀·덩굴따위가)만연하다.널리뻗다.
忙碌,[동사](어떤일을)서두르다.서둘러하다.[형용사](정신없이)바쁘다.눈코뜰새없다.
埋葬,[동사](시체를)묻다.매장하다.없애버리다.소멸하다.
埋没,[동사]매몰되다.묻히다.매몰하다.간과하다.
迈[邁],[동사]내디디다.내딛다.[형용사]늙다.연로하다.[양사]마일(mile).
麻痹,[동사]마비되다.[형용사]경각심을늦추다.경각심이풀어지다.
履行,[동사]이행하다.실행하다.
掠夺,[동사]빼앗다.강탈하다.
落实,[동사]실현되다.구체화되다.실현시키다.현실화시키다.
落成,[동사]준공되다.낙성되다.
搂[摟],[동사](두팔로)껴안다.(가슴에)품다.[양사]아름.
笼罩,[동사]덮어씌우다.뒤덮다.
垄断,[동사]농단하다.독점하다.
立足,[동사]발붙이다.몸을의탁하다.발붙이고살다.근거하다.입각하다.
力争,[동사]매우노력하다[힘쓰다·애쓰다].노력을아끼지않다.격렬하게논쟁하다.
留神,[동사]주의하다.조심하다.
留念,[동사]기념으로남기다.(남겨두어)기념으로삼다.
流露,[동사](생각·감정을)무의식중에나타내다.무심코드러내다.
留恋,[동사]차마떠나지못하다.떠나기서운해하다.
流浪,[동사]유랑하다.방랑하다.
溜,[동사]미끄러지다.활강하다.몰래달아나다[도망치다·빠져나가다].뺑소니치다.보다.힐끗[언뜻]보다.[형용사](물체의표면이)매끌매끌하다.반들반들하다.
领先,[동사](함께나아갈때)앞장서다.선두[맨앞]에서다.(수준·성적등이)앞서다.리드하다.
领悟,[동사]깨닫다.이해하다.
领会,[동사]깨닫다.이해하다.
临床,[동사]치료하다.진료[치료]하다.
淋,[동사](물이나액체에)젖다.(물이나액체를)(흩)뿌리다.끼얹다.
列举,[동사]열거하다.
理睬,[동사]상대[상관·아랑곳]하다.거들떠보다.[주로부정형으로쓰임]
联想,[동사]연상하다.
联络,[동사]연락하다.접촉하다.
联欢,[동사]함께모여즐기다.친목을맺다.
谅解,[동사]양해하다.이해하여주다.
晾,[동사]말리다.(물건을햇볕에)쪼이다.말리다.상대하지않다.내버려두다.‘凉(liàng)’과같음.
乐意,[동사]기꺼이…하다.언제든지곧…하다.[형용사]만족하다.유쾌하다.
冷却,[동사]냉각하다.냉각되다.
愣,[동사]멍해지다.얼빠지다.[형용사]무모하다.무분별하다.[부사]기어코.억지로.
唠叨,[동사](끊임없이)잔소리하다.되풀이하여말하다.
捞[撈],[동사]건지다.끌어올리다.(부정한수단으로)얻다.취득하다.잡다.가지다.
扩张,[동사](세력·영토따위를)확장하다.넓히다.(혈관이)확장되다.팽창되다.
扩散,[동사]확산하다.퍼뜨리다.
扩充,[동사]확충하다.늘리다.
捆绑,[동사]줄로묶다.억지로[강제로]맞추다[끼우다].
亏损,[동사]결손나다.적자나다.쇠약하다.허약하다.
亏待,[동사]푸대접하다.부당하게대하다.
旷课,[동사](학생이)무단결석하다.수업을빼먹다.
款待,[동사]환대하다.정성껏대접하다.
跨,[동사](큰걸음으로)뛰어넘다.건너뛰다.(일정한한계를)뛰어넘다.(두다리를벌리고)걸터앉다.(물체가위에)가로로놓이다[걸치다·얹히다].가로지르다.
挎,[동사](팔에)걸다.끼다.(어깨나허리에)걸다.메다.
恐惧,[동사]겁먹다.두려워하다.
恐吓,[동사]으르다.위협하다.
可行,[동사]실행할만하다.가능하다.
渴望,[동사]갈망하다.간절히바라다.
啃,[동사]물어뜯다.뜯어먹다.(어떤일에)매달리다[몰두하다].
磕,[동사](단단한곳에)부딪치다.털다.치다.
考验,[동사]시험하다.시련을주다.
靠拢,[동사](간격을)좁히다.좁혀지다.
考核,[동사]심사하다.대조하다.
考察,[동사]고찰하다.정밀히관찰하다.현지조사하다.시찰하다.
勘探,[동사]탐사하다.조사하다.
扛,[동사](어깨에)메다.
刊登,[동사](신문·잡지따위에)게재하다.싣다.
看待,[동사]대(우)하다.다루다.
开展,[동사]전개되다.확대되다.전개하다.확대시키다.열리다.[형용사](생각이)트이다.(성격이)명랑하다.
开拓,[동사]개척하다.개간하다.채굴에앞서갱도건설등의준비작업을하다.
开辟,[동사]통하게하다.트이게하다.개발하다.개척하다.开天辟地.
开明,[형용사](생각이)깨어있다.진보적이다.[동사]개명하다.개화되다.
开阔,[형용사]넓다.광활하다.(생각이나마음이)탁트이다.유쾌하다.[동사]넓히다.
开除,[동사]제명하다.해고하다.
开采,[동사](지하자원을)채굴하다.발굴하다.
居住,[동사]거주하다.
局限,[동사]국한하다.한정하다.
据悉,[동사]아는바에의하면…라고한다.
拘束,[동사]제한하다.한정하다.[형용사]거북하다.어색하다.
沮丧,[형용사]낙담[낙심]하다.풀이죽다.[동사]낙담[낙심]하게하다.용기를잃게하다.
拘留,[동사]구류하다.구류를받다.
咀嚼,[동사](음식물을)씹다.음미하다.되새기다.
鞠躬,[형용사]몹시조심하는모양.[동사]국궁을하다.허리를굽혀절하다.
觉醒,[동사]각성하다.깨닫다.
给予,[동사]주다.부여하다.
讥笑,[동사]비웃다.조소하다.
就职,[동사]부임하다.취임하다.
纠正,[동사](사상·잘못을)교정하다.고치다.
就业,[동사]취직하다.취업하다.
救济,[동사]구제하다.
寄托,[동사]기탁하다.의탁하다.걸다.두다.
晋升,[동사]승진하다.진급하다.
浸泡,[동사](오랜시간물에)담그다.잠그다.
进化,[동사]진화하다.진화하다.발전하다.
竞选,[동사]경선활동을하다.선거운동을하다.
精通,[동사]정통하다.통달하다.
警惕,[동사]경계하다.경계심을갖다.
竞赛,[동사]경쟁하다.경기하다.
进攻,[동사]공격하다.진공하다.(경쟁이나시합에서)공세를취하다.공세로나아가다.
敬礼,[동사]경례하다.삼가아뢰다.
精简,[동사]정간하다.정선하다.
惊动,[동사]놀라게하다.시끄럽게하다.
激励,[동사]격려하다.북돋워주다.
计较,[동사]따지다.계산하여비교하다.논쟁하다.승강이하다.계획[생각]하다.상의[상담]하다.
激发,[동사](감정을)불러일으키다.끓어오르게하다.(분자·원자등을)여기(勵起)시키다.
借助,[동사]도움을빌다[받다].…의힘을빌리다.
截至,[동사](시간적으로)…까지마감이다.…에이르다.
解体,[동사]해체되다.전체의구조가쪼개지다[분해되다].와해되다.무너지다.
结算,[동사]결산하다.
解散,[동사]해산하다.흩어지다.(기구나단체를)취소하다.해산하다.
解剖,[동사]해부하다.깊이관찰하고분석하다.
揭露,[동사]폭로하다.까발리다.
借鉴,[동사]참고로하다.본보기로삼다.
解雇,[동사]해고하다.
解除,[동사]없애다.제거하다.
戒备,[동사]경비하다.경계하다.방비하다.
嫉妒,[동사]질투하다.시기하다.
继承,[동사](유산·권리등을)상속하다.이어받다.계승하다.이어받다.계승하다.
夹杂,[동사](다른물건을)혼합하다.뒤섞다.
交涉,[동사]교섭하다.협상하다.
缴纳,[동사](규정에따라)납부하다.납입하다.
较量,[동사](실력·기량을)겨루다.대결하다.계산하여비교하다.따지다.
交代,[동사]설명하다.알려주다.인계하다.건네주다.(자신의의도를)설명하다.주문하다.(자신의잘못을)고백하다.
交叉,[동사]교차하다.교차하다.겹치다.번갈아하다.갈마들다.
搅拌,[동사]휘저어섞다.반죽하다.
鉴于,[동사]…의점에서보아.…에비추어보아.
检验,[동사]검증하다.검사하다.
检讨,[동사]찾아서원인을분석하다.깊이반성하다.총결산하다.비평하다.
践踏,[동사]밟다.디디다.(함부로)짓밟다.유린하다.
监视,[동사]감시하다.감시관리하다.
健全,[형용사](병·탈없이)건강하고온전하다.완전하다.완벽하다.[동사]완전하게하다.완벽하게하다.
简化,[동사]간소화하다.간략하게만들다.
降临,[동사]도래하다.일어나다.
将近,[동사]거의…에근접하다.거의…에이르다.
坚定,[형용사]확고부동하다.결연하다.[동사]확고히하다.굳히다.
剪彩,[동사]기념테이프를끊다.
鉴别,[동사]감별하다.변별하다.
拣[揀],[동사]간택하다.간선하다.‘捡(jiǎn)’과같음.
溅[濺],[동사](액체가)튀다.
加剧,[동사]격화되다.악화되다.
加工,[동사]가공하다.다듬다.가공하다.
呼吁,[동사](동정이나지지를)구하다.청하다.
呼啸,[동사](휙휙·씽씽등)날카롭고긴소리를내다.
活该,[동사]…한것은당연하다.…해도싸다.마땅히…해야한다.…하는것이당연하다.
混淆,[동사]뒤섞이다.헛갈리다.뒤섞다.헛갈리게하다.
昏迷,[동사]혼미하다.의식불명이다.
混合,[동사]혼합하다.함께섞다.혼합하다.
忽略,[동사]소홀히하다.등한히하다.(일부러)그냥넘어가다[지나치다].따지지않다.
会晤,[동사]만나다.회견하다.
回收,[동사]회수하다.회수하여이용하다.(내보낸물건을)되찾다.회수하다.
毁灭,[동사]훼멸[파괴·괴멸·섬멸·박멸·파멸]시키다.
挥霍,[동사]돈을헤프게쓰다.돈을물쓰듯하다.
悔恨,[동사]뼈저리게뉘우치다[후회하다].
回顾,[동사]회고하다.회상하다.뒤돌아보다.고개를돌려서보다.
回避,[동사]회피하다.피하다.회피하다.
回报,[동사]보고하다.(행동으로)보답하다.보복하다.복수하다.
汇报,[동사]종합하여(상급자나대중에게)보고하다.
化妆,[동사]화장하다.
化验,[동사]화학실험을[분석을·검사를]하다.
还原,[동사]원상회복하다.환원하다.환원하다.환원하다.
缓和,[형용사](상황·분위기등이)완화하다.느슨해지다.[동사]완화시키다.누그러뜨리다.
划分,[동사]나누다.구획하다.구분하다.
候选,[동사](조정의)임용[선발]을기다리다.입후보하다.
吼,[동사]고함치다.소리지르다.(맹수가)울부짖다.포효하다.노호(怒號)하다.크게울리다.
轰动,[동사]뒤흔들다.들끓게하다.
烘,[동사](불에)말리다.쪼이다.부각시키다.돋보이게[드러나게]하다.
恨不得,[동사]…하지못해한스럽다[안타깝다].간절히…하고싶다.
和解,[동사]화해하다.화의하다.
合伙,[동사]한패가되다.동료가되다.
合成,[동사]합성하다.합쳐…이되다.합성하다.
合并,[동사]합병하다.합치다.합병증을일으키다.(병이)병발(倂發)하다.
毫无,[동사]조금도[전혀]…이없다.
寒暄,[동사](상투적인)인사말을나누다.
捍卫,[동사]지키다.수호하다.
含糊,[형용사](태도나말따위가)모호하다.애매하다.소홀하다.경솔하다.[동사]두려워하다.무서워하다.
航行,[동사]항행하다.항해하다.운항하다.항행하다.
航天,[형용사]우주비행과관련있는.우주비행의.[동사]우주비행하다.
航空,[형용사]항공과관련있는.항공의.[동사](하늘을)비행하다.
固执,[형용사]완고하다.고집스럽다.[동사]고집하다.
过问,[동사]참견하다.따져묻다.관심을가지다.신경을쓰다.간섭하다.
过滤,[동사]거르다.여과하다.
过奖,[동사]지나치게칭찬하십니다.과찬이십니다.
过渡,[동사](사물이)한단계에서점점발전하여다음단계로바뀌어가다.과도하다.(배를타고강을)건너다.넘다.
孤立,[동사]고립하다.고립시키다.[형용사]고립되어있다.따로떨어지다.고립적이다.
归还,[동사]돌려주다.반환하다.
跪,[동사]무릎을꿇다.꿇어앉다.
辜负,[동사]헛되게하다.저버리다.
鼓动,[동사]선동하다.부추기다.부치다.흔들다.
关照,[동사]돌보다.보살피다.협력하다.호응하다.통지[통보]하다.알리다.
管辖,[동사]관할하다.
观光,[동사]관광하다.참관하다.
灌溉,[동사]논밭에물을대다.관개하다.
贯彻,[동사]관철시키다.철저하게실현하다.
勾结,[동사]결탁하다.내통하다.
公证,[동사]공증하다.
公认,[동사]공인하다.모두가인정하다.
攻克,[동사](적의거점등을)점령하다.함락시키다.(난제나난관등을)극복하다.뛰어넘다.
共计,[동사]합계하다.합하여계산하다.함께계획하다.
攻击,[동사]공격하다.진공하다.악의적으로비난하다.공격하다.
供给,[동사]공급하다.대다.
巩固,[형용사]견고하다.공고하다.[동사]견고하게[공고히]하다.튼튼히다지다.
歌颂,[동사](시로)찬양하다.찬미하다.(글로)찬양하다.찬미하다.
跟踪,[동사]바짝뒤를따르다.미행하다.
更正,[동사]정정하다.잘못을고치다.
更新,[동사]경신[갱신]하다.새롭게바뀌다.다시우거지다.
隔离,[동사]분리시키다.떼어놓다.격리시키다.
割,[동사](칼로)절단하다.자르다.분할하다.갈라놓다.포기하다.내버리다.
搁[擱],[동사]놓다.두다.방치하다.내버려두다.넣다.첨가하다.
高涨,[동사](정서·물가등이)급증하다.급상승하다.
告诫,[동사]훈계하다.타이르다.[주로상급자[연장자]가하급자[연하자]에게사용함]
告辞,[동사]이별을고하다.하직하다.
干预,[동사]관여[간여]하다.간섭하다.
干扰,[동사](남의일을)방해하다.(남의일에)지장을주다.(전파·신호를)방해하다.
感染,[동사]감염되다.전염되다.영향을끼치다.감화시키다.
感慨,[동사]감격하다.감개무량하다.
盖章,[동사]도장[직인]을찍다.날인하다.
辅助,[동사]거들어주다.돕다.[형용사]보조적인.부차적인.
富裕,[형용사]부유하다.[동사]부유하게하다.
赋予,[동사]부여하다.주다.
抚养,[동사](아이를)무양(撫養)하다.부양하다.
敷衍,[동사]자세히서술하다.부연설명하다.
腐朽,[동사]썩다.부패하다.(사상이)진부하다.케케묵다.
复兴,[동사]부흥하다.부흥시키다.
附属,[동사]부속되다.귀속되다.[형용사](어떤기관의)부속의.부설의.
腐蚀,[동사]부식하다.썩어문드러지다.타락시키다.부패시키다.
服气,[동사]진심으로탄복[신복·복종]하다.
腐烂,[동사](물질이)부패하다.부식(腐蝕)하다.[형용사](사상·행동이)진부하다.타락하다.문란하다.부패하다.
复活,[동사]부활하다.죽었다다시살아나다.부활하였다.다시흥기하다.부활시키다.
附和,[동사]남의언행을따르다.부화하다.
腐败,[동사](물질이)썩다.부패하다.[형용사](사상·행동등이)진부하다.타락하다.문란하다.부패하다.
否决,[동사](안건·의견등을)부결하다.거부하다.
粉碎,[형용사]산산조각나다.박살나다.[동사]분쇄하다.가루로만들다.분쇄하다.섬멸하다.
分散,[형용사]분산하다.흩어지다.[동사]분산시키다.배포하다.나누어주다.
分裂,[동사]분열하다.결별하다.분열시키다.
分解,[동사]분해하다.분열[와해]되다.(분쟁을)해결하다.화해시키다.해설하다.설명하다.
分红,[동사](기업등에서)이익을분배하다.순이익을배당하다.
封锁,[동사](강제적수단으로)폐쇄하다.봉쇄하다.(군사등의조치로)봉쇄하다.
封闭,[동사]봉하다.밀봉하다.조사한후봉인하다.
吩咐,[동사]분부하다.명령하다.
飞翔,[동사]하늘을빙빙돌며날다.비상하다.
沸腾,[동사]비등하다.들끓다.물끓듯떠들썩하다.(감정이)고취되다.끓어오르다.
废除,[동사]취소하다.폐지하다.
诽谤,[동사]비방하다.중상모략하다.
发育,[동사]발육하다.자라다.
发扬,[동사]선양하여발전시키다.드높이다.(충분히)발휘하다.
发炎,[동사]염증이생기다.염증을일으키다.
发行,[동사]발행하다.발매하다.
发誓,[동사]맹세하다.
发射,[동사]쏘다.발사하다.
繁殖,[동사]번식하다.증가하다.
反问,[동사]반문하다.반어로묻다.
反射,[동사]반사하다.반사작용을하다.
贩卖,[동사](사들여)판매하다.잘못되고황당한말을퍼트리다.
泛滥,[동사](물이)범람하다.(못된것이)범람하다.
反抗,[동사]반항하다.저항하다.
纺织,[동사]방직하다.
防治,[동사]예방치료[퇴치]하다.
防止,[동사]방지하다.
防御,[동사]방어하다.
防守,[동사]수비하다.방어하다.(시합에서)수비하다.
放射,[동사]방사하다.방출하다.발사하다.
放大,[동사]확대하다.크게하다.
反驳,[동사]반박하다.
发觉,[동사]발견하다.알아차리다.
发动,[동사]시동[발동]을걸다.기기를돌리다[운전시키다].개시하(게하)다.일으키다.행동하게하다.발동시키다.
发呆,[동사]멍하다.멍해지다.
发财,[동사]큰돈을벌다.부자가되다.근무하다.돈을벌다.
发布,[동사]선포하다.발포하다.
遏制,[동사]저지하다.억제하다.
恶化,[동사]악화되다.악화시키다.
堵塞,[동사]막히다.가로막다.
多元化,[동사]다원화하다.
哆嗦,[동사]떨다.
堕落,[동사](사상·행동이)타락하다.부패하다.영락하다.떠돌다.
杜绝,[동사]제지하다.철저히막다.되물리지않는조건으로팔다.
对照,[동사]대조하다.(사람·사물을)대비하다.비교하다.
对应,[동사]대응하다.[형용사](어떤상황에)대응하는.(어떤상황과)상응하는.
兑现,[동사](수표·어음등을)현금으로바꾸다.결산때현금을지급하다.약속을실행하다[이행하다].
对立,[동사]대립하다.대립되다.대립하다.
对抗,[동사]대항하다.저항하다.적대시하다.대치하다.
堆积,[동사](사물이)쌓여있다.쌓이다.
对付,[동사]대처하다.다루다.그런대로하다.아쉬운대로하다.[형용사](마음이)맞다.
督促,[동사]감독·재촉하다.독촉하다.
独裁,[동사]독재하다.독자적으로판단하다.
赌博,[동사]노름하다.도박하다.위험한일에종사하다[손을대다].
端正,[형용사]단정하다.똑바르다.바르다.단정하다.[동사]바로잡다.바르게하다.
断绝,[동사]단절하다.끊다.
断定,[동사]단정하다.결론을내리다.
斗争,[동사]투쟁하다.싸우다.분투·노력하다.투쟁하다.
动员,[동사](군사및경제를)전시체제화하다.전시동원상태에들어가다.동원하다.설득하다.
动手,[동사]하다.시작하다.때리다.손찌검하다.손을대다.만지다.
动身,[동사]출발하다.떠나다.
冻结,[동사]얼다.얼리다.(자금·인원등을)동결하다.당분간중지하다[멈추다].
动荡,[동사](정세·상황등이)불안하다.동요하다.동요하다.일렁[출렁]이다[거리다].
抵制,[동사]보이콧(boycott)하다.배척하다.
递增,[동사]점점늘다.점차증가하다.
丢人,[동사]체면을잃다[구기다·깎이다].창피를[망신을]당하다.
敌视,[동사]적대시하다.적대하다.
叮嘱,[동사]신신당부하다.거듭[재삼]부탁하다.
定期,[동사]날짜를[기일을·기한을]정하다[맞추다·잡다].[형용사]정기의.정기적인.
盯,[동사]주시하다.응시하다.
抵抗,[동사]저항하다.대항하다.
跌,[동사](몸이균형을잃고)쓰러지다.넘어지다.(물가가)내리다.떨어지다.(물체가)떨어지다.낙하하다.
抵达,[동사]도착[도달]하다.
调动,[동사](인원·일등을)교환하다.(맞)바꾸다.동원하다.자극하다.
吊,[동사]걸다.매달다.(끈따위로매서)내려놓다[들어올리다].회수하다.철회하다.제사하다.조문(弔文)하다.
叼,[동사](물체의일부분을)입에물다.
点缀,[동사]단장하다.꾸미다.숫자[머릿수]를채우다.구색을맞추다.
惦记,[동사]늘생각하다.항상마음에두다.
奠定,[동사]다지다.닦다.
颠倒,[동사]뒤바뀌다.전도되다.착란하다.뒤섞여어수선하다.
颠簸,[동사](위아래로)(뒤)흔들리다.요동하다.
得罪,[동사]미움을사다.노여움을사다.
登录,[동사]등록하다.등재하다.로그인하다.
登陆,[동사]상륙하다.육지에오르다.적지에상륙하다.상품등이시장에진출하다.
瞪,[동사](눈을)크게[휘둥그렇게]뜨다.부라리다.눈을부릅뜨고노려보다.
蹬,[동사](발에힘을주어)밟다.뻗다.딛다.디디다.(신발·바지등을)신다.입다.방치하다.던져버리다.
得力,[동사]도움을받다.힘을얻다.이익을얻다.효과가[효험이]있다.[형용사]유능하다.다부지다.야무지다.
打仗,[동사]전쟁하다.전투하다.
搭配,[동사]배합하다.조합하다.결합하다.짜다.[형용사]잘어울리다.걸맞다.
盗窃,[동사]도둑질하다.절도하다.
捣乱,[동사]교란하다.소란을피우다.귀찮게굴다.성가시게하다.
导航,[동사]항해나항공을유도하다.인도하다.
倒闭,[동사]도산하다.
诞生,[동사]탄생하다.태어나다.생기다.나오다.
当选,[동사]당선되다.
担保,[동사]보증하다.담보하다.담보하다.보증하다.
打猎,[동사]사냥하다.수렵하다.
打量,[동사]살펴보다.훑어보다.짐작하다.예측하다.
打架,[동사](때리며)싸우다.다투다.
打击,[동사]타격을주다.공격하다.치다.두들기다.
怠慢,[동사]냉대하다.푸대접하다.대접이소홀했습니다.
带领,[동사]인솔하다.이끌다.데리다.안내하다.
代理,[동사]대리하다.대신하다.
逮捕,[동사]체포하다.잡다.
达成,[동사]달성하다.도달하다.
答辩,[동사]답변하다.
打包,[동사]포장을풀다.(종이·천등으로)포장하다.싸다.(～儿)합치다.도매하다.(음식점에서)먹고남은음식을싸(가)다.
搭,[동사]널다.걸치다.받치다.괴다.잇다.연결되다.타다.
磋商,[동사]반복하여협의하다.상세하게논의하다.
搓,[동사]비비다.비벼꼬다.
摧残,[동사]심한손상[손실]을주다.학대하다.
窜[竄],[동사]마구뛰어다니다.달아나다.(글자를)고치다.수정하다.쫓아내다.축출하다.
凑合,[형용사]그런대로…할만하다.아쉬운대로…할만하다.[동사]한데모으다.함께모이다.끼워맞추다.
伺候,[동사]시중들다.모시다.
处置,[동사]처치하다.징벌하다.처리하다.
出神,[동사]넋을잃다.넋이나가다.
纯洁,[형용사]순결하다.순수하고맑다.[동사]순수하고맑게하다.순결하게하다.
出卖,[동사]배반하다.팔아먹다.팔다.판매하다.
吹捧,[동사](지나치게)치켜세우다.
吹牛,[동사]허풍을떨다.큰소리치다.
触犯,[동사]저촉되다.범하다.
穿越,[동사](산·들등을)넘다.통과하다.
传授,[동사]전수하다.가르치다.
喘气,[동사]호흡하다.헐떡거리다.숨을돌리다.
创业,[동사]창업하다.
创立,[동사]창립하다.창설하다.
筹备,[동사]기획하고준비하다.
充实,[형용사]충분하다.풍부하다.[동사]충족시키다.강화하다.
崇敬,[동사]숭경하다.존경하고사모하다.
冲击,[동사]충격.적진으로돌격하다.충봉(衝鋒)하다.(흐르는물등이)세차게부딪치다.
重叠,[동사]중첩되다.중복되다.
充当,[동사](어떤직무·역할을)맡다.담당하다.
崇拜,[동사]숭배하다.
吃力,[형용사]힘들다.고달프다.피곤하다.[동사]힘을감당하다[견디다].
吃苦,[동사]고생하다.고통을맛보다[당하다].
撤销,[동사]없애다.취소하다.
撤退,[동사](군대가)철수하다.퇴각하다.(어떤곳에서)떠나다.물러가다.
沉着,[형용사]침착하다.[동사]비세포성물질이유기체의조직속에가라앉다.
沉思,[동사]깊이생각하다.심사숙고하다.
陈述,[동사]진술하다.
陈列,[동사]진열하다.
呈现,[동사]나타나다.드러나다.
澄清,[동사](인식·문제등을)분명히하다.분명하게밝히다.(혼란한국면을)일소(一掃)하다.평정하다.[형용사]맑고깨끗하다.
成交,[동사]거래가성립하다.매매가성립되다.
承包,[동사]청부맡다.하청을받다.
承办,[동사]맡아처리[취급]하다.
诧异,[동사]의아해하다.이상해하다.
超越,[동사]넘다.넘어서다.
嘲笑,[동사]비웃다.놀리다.
阐述,[동사]상세히논술하다.명백하게논술하다.
缠绕,[동사]둘둘감다.얽히다.얽매다.방해하다.
尝试,[동사]시도해보다.테스트해보다.
敞开,[동사]활짝열다.[부사]한껏.마음대로.[동사]풀다.제한하지않다.[부사]무제한으로.
偿还,[동사](진빚을)상환하다.갚다.
倡导,[동사]앞장서서제창하다.창도하다.
馋[饞],[동사]게걸스럽다.식탐하다.몹시부러워하다.탐내다.
搀[攙],[동사]부축하다.돕다.섞다.타다.
查获,[동사]수사하여체포하다.수색하여장물·반입금지물품등을압수하다.
操作,[동사]조작하다.다루다.일하다.노동하다.
操纵,[동사](기계·기기등을)제어하다.다루다.(부당한방법으로)조종하다.조작하다.
操练,[동사]훈련하다.조련(調練)하다.갈고닦다.연마하다.
操劳,[동사]애써일하다.수고하다.
参照,[동사](방법·경험등을)참조하다.참고하다.
残留,[동사](부분적으로)남아있다.
裁员,[동사](기관·기업등에서)감원하다.인원을축소하다.
采纳,[동사]받아들이다.수락하다.
采集,[동사]채집하다.수집하다.
捕捉,[동사]잡다.붙잡다.잡다.포착하다.
布置,[동사]안배하다.진열하다.(어떤활동에대해)계획하다.할당하다.
不止,[동사]멈추지않다.그치지않다.…에그치지않다.
不由得,[부사]저절로.자연히.[동사]허용하지않다.…하지않을수없다.
不惜,[동사]아끼지않다.
哺乳,[동사]젖을먹이다.
不愧,[동사]…에부끄럽지않다.…라고할만하다.
不堪,[동사]감당할수없다.…할수없다.[형용사](부정적인의미로)몹시심하다.엉망이다.형편없다.
补救,[동사](조치를취하여)교정하다.보완하다.만회하다.
不顾,[동사]고려하지않다.꺼리지않다.
补偿,"[동사](손실,손해를)보충하다.(차액,결손을)보상하다."
剥削,[동사]착취하다.
搏斗,[동사]격렬하게싸우다.격투하다.갈기다.후려치다.
闭塞,[형용사]소식에어둡다.아는것이적다.외지다.(교통이)불편하다.[동사]막히다.봉쇄되다.
逼迫,[동사]핍박하다.옥죄어재촉하다.
濒临,[동사]인접하다.가까이가다.
并列,[동사]병렬하다.
并非,[동사]결코…하지않다.결코…이아니다.
憋,[동사]답답하게하다.숨막히게하다.참다.억제하다.
表彰,[동사]표창하다.
表决,[동사]표결하다.
变质,[동사](주로나쁜쪽으로)변질되다.
编织,[동사]엮다.짜다.
辩证,[동사]변증하다.논증하다.[형용사]변증법적이다.
便于,[동사](…하기에)쉽다.…에편하다.
辨认,[동사]식별해내다.
变迁,[동사]변천하다.
便利,[형용사]편리하다.[동사]편리하게하다.
辩解,[동사]해명하다.변명하다.
辩护,[동사]변호하다.변론하다.
贬低,[동사](고의로)가치를깎아내리다.얕잡아보다.
鞭策,[동사]독려하고재촉하다.채찍질하다.(말을)채찍질하다.
遍布,[동사]널리퍼지다.널리분포하다.
崩溃,[동사]붕괴[붕궤]하다.무너지다.
迸发,[동사]솟아나다.(밖으로)내뿜다.
蹦,[동사]뛰어오르다.껑충뛰다.(지면에서)튀어오르다.
奔波,[동사]분주히뛰어다니다.분주하다.
背诵,[동사](시문·글등을)외우다.암송하다.
背叛,[동사]배반하다.배신하다.
保重,[동사]건강에주의[유의]하다.몸조심하다.[주로남에게건강에주의하기를바란다는말로쓰임]
爆炸,[동사](큰소리를내며)폭발하다.작렬하다.(수나양이)폭증하다.격증하다.
保养,[동사]수리하다.정비하다.보양하다.양생하다.
报销,[동사](사용경비를)청구하다.결산하다.상부에보고하고폐기물을처분하다.폐기신고하다.(사람이나사물을)제거하다.없애버리다.
保卫,[동사]보위하다.
保守,[형용사]보수적이다.[동사]고수하다.지키다.[형용사]절제된.여지[여유]를둔.
保密,[동사]비밀을지키다.기밀로하다.
暴露,[동사]폭로하다.드러내다.
曝光,[동사](사진에서)노출하다.폭로되다.노출되다.
爆发,[동사]화산이폭발하다.(감정등이)폭발하다.돌발하다.갑자기터져나오다.
报答,[동사](실제행동으로)보답하다.감사를표하다.
报仇,[동사]복수하다.보복하다.
包庇,[동사]비호하다.감싸주다.
扮演,[동사]…역을맡아하다.출연하다.
伴随,[동사]따라가다.함께가다.
绑架,[동사]납치하다.인질로잡다.
颁发,[동사]수여하다.(정책·명령따위를)하달하다.내리다.
颁布,[동사]공포하다.반포하다.
巴结,[동사](권력에)아첨하다.아부하다.
拜托,[동사](삼가)부탁드립니다.부탁드리다.
摆脱,[동사]벗어나다.빠져나오다.
拜年,[동사]세배하다.새해인사를드리다.
败坏,[동사](명예·풍속등을)손상시키다.망치다.[형용사]부패하다.타락하다.
拜访,[동사]삼가방문하다.예방하다.
掰,[동사](손으로물건을)쪼개다.떼어내다.(남의단점을)거론하다.들추어내다.절교하다.관계가끝이나다.
把关,[동사]관문을지키다.책임을지다.조치를취하여어떤사물을엄격한기준에부합하도록하다.
巴不得,[동사]간절히원하다.갈망하다.
扒,[동사]긁어내다.파내다.뜯어내다.헐다.(옷·껍질따위를)벗기다.홀랑벗어버리다.헤치다.밀어젖히다.
熬,[동사](양식등을)오래끓이다.푹삶다.(통증·생활고등을)참다.인내하다.졸이다.달이다.
安置,[동사]적절한위치[장소·일자리]를찾아주다.제자리에놓다.
按摩,[동사]안마하다.마사지하다.
爱戴,[동사]우러러섬기다.추대하다.
挨,[동사]…을받다.…을당하다.어렵게살아가다.지체하다.꾸물거리다.
审美,"[동사]아름다움을감상[감별]하고평가하다.[명사,형용사]심미(적)."
推理,"[명사,동사]추리(하다).추론(하다)."
示范,"[명사,동사]시범(하다).모범(을보이다)."
生存,"[명사,동사]생존(하다)"
歧视,"[명사,동사]경시(하다).차별대우(하다)."
惩罚,"[명사,동사]징벌(하다)."
罢工,"[명사,동사]동맹파업(하다).스트라이크(strike)(하다)."
哇,[의성어·의태어]왝왝.앙앙.[조사]‘啊(ā)’가‘u·ao·ou’로끝나는앞음절의영향을받아발음이변하면서다르게쓴것.
哄,[의성어·의태어]와.왁자지껄.[동사]왁자지껄하다.떠들썩거리다.
哼,[동사]신음하다.끙끙거리다.콧노래부르다.흥얼거리다.[의성어·의태어]힝.흥.[콧속에서나오는소리]
呵,[동사]입김을불다.(큰소리로)꾸짖다.질책하다.[의성어·의태어]하하.허허.[웃음소리][감탄사]‘嗬(hē)’과같음.
嗨,[감탄사](남을부르거나주의를환기시킴을나타내어)어!어이!자!이봐![‘咳(hāi)’와같음][의성어·의태어]가사중에의미없이쓰이는글자.
座右铭,[명사]좌우명.
作风,[명사]기풍.태도.(예술가의)풍격(風格).격조.
尊严,[형용사]존귀하고장엄하다.존엄하다.[명사]존엄(성).
嘴唇,[명사]입술.
祖父,[명사]조부.할아버지.
钻石,[명사]금강석.다이아몬드.석(石).쫜스.다이아몬드.
阻碍,[동사](진행하지못하도록)가로막다.[명사]장애물.
走廊,[명사]복도.회랑.회랑지대.
宗旨,[명사]종지.주지(主旨).
棕色,[명사]갈색.다갈색.
踪迹,[명사]종적.행적.
纵横,[명사]종횡.가로세로.합종연횡.[형용사]가로세로가뒤얽히는모양.자유자재하다.자유분방하다.
总和,[명사]총계.총수.
滋味,[명사]좋은맛.향미.맛.속마음.기분.
姿态,[명사]자태.모습.태도.기개.도량.
资产,[명사]재산.산업.자산.자산.
资本,[명사]자본.자금.밑천.
著作,[동사]저작하다.[명사]저서.저작.
住宅,[명사]주택.
助手,[명사]조수.
注释,[동사]주해하다.주석하다.[명사]주석.주해.
主权,[명사]주권.
准则,[명사]준칙.규범.
助理,[동사]보조하다.보좌하다.[명사]보좌인.보좌관.
主管,[동사]주관하다.주무하다.[명사]주관자.팀장.
主导,[형용사]주도의.[명사]주도.
专题,[명사]전제.특정한제목.
专利,[명사]특허.특허권.
传记,[명사]전기.
壮观,[명사]장관.[형용사]경관이훌륭하고장대하다.장관이다.
装备,[명사]장비.[동사](무기나기계를)탑재하다.장착하다.
专长,[명사]특기.특수기능.
株,[명사]그루터기.포기.그루.[양사]그루.
周折,[명사]곡절.
昼夜,[명사]낮과밤.
皱纹,[명사]주름(살).
周期,[명사]주기.주기.주기.
周年,[명사]주년.
周边,[명사]주변.주위.
州,[명사]주.자치주.
粥,[명사]죽.
舟,[명사]배.
种族,[명사]종족.인종.
种子,[명사]종자.열매.어떤방면에특별한인물.씨앗.시드(seed).
中央,[명사]중앙.정부[정치조직]의최고기관.
重心,[명사]중심.무게중심.무게중심.(일의)중점.핵심.
终身,[명사]일생.평생.(여자의)혼인대사.
肿瘤,[명사]종양.
中立,[동사]중립하다.중립을[중도를]지키다.[명사]중립.중도.
终点,[명사]종착점.종점.결승점.골인점.
支柱,[명사]지주.받침대.지주.기둥.
职务,[명사]직무.
职位,[명사]직위.
指望,[동사]기대하다.바라다.[명사](～儿)기대.가망(성).
指示,[동사]가리키다.지시하다.명령을내리다.[명사](구두상·서면상의)지시.명령.
志气,[명사]패기.기개.
智能,[명사]지능.[형용사]지능이있는.지능을갖춘.
职能,[명사]직능.직책과기능.
指南针,[명사]지남침.나침반.지침.
殖民地,[명사]식민지.
支流,[명사]지류.비본질적인것.부차적인것.
指令,[동사]지시하다.명령하다.[명사]지령.상급기관의명령[지시].명령.
智力,[명사]지력.지능.
知觉,[명사]지각.감각.지각.
指甲,[명사]손[발]톱.
制服,[명사]제복.[동사]제압하다.굴복시키다.
脂肪,[명사]지방.
支出,[동사]지출하다.[명사]지출.
指标,[명사]지표.수치.목표.
治安,[명사]치안.
枝,[명사](～儿)가지.[양사]송이.[명사]‘支(자루)’와같음.
珍珠,[명사]진주.
真相,[명사]진상.실상.
侦探,[동사]정탐하다.[명사]탐정.밀정.
阵容,[명사]진용.진용.라인업.
症状,[명사]증상.증후.
正月,[명사]정월.
争议,[동사]쟁의하다.논의하다.[명사]이견.다른의견.
正义,[명사]정의.[형용사]정의로운.[동사]정의하다.
证书,[명사]증서.증명서.
政权,[명사]정권.행정기관.
正气,[명사]공명정대한태도.바른기풍.정기.지극히크고바르고공명한천지의원기(元氣).정기.생명의원기(元氣).
正负,[명사]플러스마이너스.양전자와음전자.
争端,[명사]쟁단.분쟁의실마리.
阵地,[명사]진지.일선.
遮挡,[동사]막다.차단하다.[명사]차단물.은폐물.
折,[동사]꺾다.끊다.요절하다.어려서죽다.좌절하다.굽히다.손해보다.손실을입다.
沼泽,[명사]소택.소택지.
战役,[명사]전역.
展望,[동사]먼곳을보다.멀리바라보다.전망하다.앞을내다보다.[명사]전망.비전.
战术,[명사]전술.전술.[형용사]전술의.전술적인.
战略,[명사]전략.전략.[형용사]전략적인.
帐篷,[명사]장막.천막.
章程,[명사]장정.규정.당헌.
障碍,[명사]장애물.방해물.[동사]방해하다.막다.
战斗,[명사]전투.전투.투쟁.[동사]전투하다.교전하다.전투하다.
摘要,[명사]적요.개요.[동사]적요하다.요점만따서적다.
债券,[명사]채권.채권.
扎,[동사](뾰족한물건으로)찌르다.파고들다.뛰어들다.[명사]자르(jar).(아가리가넓은)병.[동사]주둔하다.
渣,[명사]찌꺼기.침전물.부스러기.찌꺼기.
贼[賊],[명사]도둑.도적.적.반역자.[동사](몸을)해치다.상하게하다.[형용사]사악하다.나쁘다.
遭遇,[동사]조우하다.만나다.[명사]처지.경우.
造型,[명사](만들어낸물체의)이미지.형상.[동사]조형하다.형상화하다.주형(鑄型)[거푸집]을만들다.
杂技,[명사]잡기.곡예.
灾难,[명사]재난.재해.
宰,[동사]주관하다.주재(主宰)하다.(가축·가금등을)도살하다.죽이다.바가지씌우다.폭리를취하다.[명사]옛날관직이름.
预兆,[동사]조짐을[징조를·전조를]보이다.[명사]전조.조짐.
预言,[동사]예언하다.[명사]예언.
寓言,[명사]우언.우화(寓話).
欲望,[명사]욕망.
预算,[동사]예산하다.[명사]예산.
羽绒服,[명사]다운재킷.오리[거위]털재킷.
渔民,[명사]어민.
舆论,[명사]여론.
预料,[동사]예상하다.예측하다.[명사]예상.예측.
乐谱,[명사]악보.
元宵节,[명사]원소절.정월대보름.
原先,[명사]종전.이전.
冤枉,[형용사]억울하다.대우가불공평하다.[동사]억울한누명을씌우다.[명사]누명.[형용사]불필요하다.헛되다.
元首,[명사]군주.임금.국가원수.
源泉,[명사]원천.사물발생의본원[근원·근본].원천.
园林,[명사]원림.정원.
原理,[명사]원리.
原告,[명사]원고.
愈,[동사](병이)낫다.뛰어넘다.추월하다.[부사]…하면…할수록…하다.[명사](Yù)성(姓).
油漆,[명사]페인트.도료.[동사](페인트등을)칠하다.
油腻,[형용사]기름지다.기름기가많다.[명사]기름진식품.기름(때).
用户,[명사]사용자.가입자.
意志,[명사]의지.의기.
一向,[부사]줄곧.내내.[명사]최근.근래.[부사]그동안.
意向,[명사]의향.의도.
以往,[명사]종전.이전.
依托,[동사]의지하다.기대다.(어떤명의를)빌다.빌리다.[명사]의지할곳[사람].바탕.
意图,[명사]의도.기도.
意识,[명사]의식.의식.의식.[동사]느끼다.깨닫다.
仪式,[명사]의식.
衣裳,[명사]의상.의복.
仪器,[명사]측정[계측]기.[과학기술분야에서실험·검측·제도·계량등에쓰이는각종정밀기구혹은장치]
音响,[명사]음향.음향기기.
隐私,[명사]사적인비밀.개인의사생활[사적인일].
饮食,[동사]음식을먹고마시다.[명사]음식.
引擎,[명사]엔진(engine).내연기관.증기기관.
阴谋,[명사]음모.[동사]음모하다.음모를꾸미다.
隐患,[명사]잠복해있는병[화(禍)·위험].겉에드러나지않은폐해[재난·재앙].
迎面,[명사]맞은편.정면.[동사]얼굴을향하다.정면을향하다.
盈利,[명사]이윤.이익.[동사]이윤을얻다.이익을보다.
婴儿,[명사]영아.젖먹이.
应酬,[동사]응대하다.접대하다.[명사]연회.파티.
一流,[형용사]같은부류의.한부류의.[명사]일류.
意料,[명사]예상.예측.[동사]예상하다.예측하다.
毅力,[명사]굳센의지.완강한의지.
依靠,[동사]의존하다.의지하다.[명사]지지자.후원자.
依据,[동사]의거하다.근거하다.[명사]근거.
疑惑,[동사]의심하다.의심을품다.[명사]의혹.의심.
一度,[부사]한때.한동안.[명사]한번.한차례.
遗产,[명사]유산.유산.
亦,[부사]…도역시.또.[명사](Yì)성(姓).
翼,[명사]날개.깃.날개.익.익.측.익.
野心,[명사]야심.
压岁钱,[명사]세뱃돈.
谣言,[명사]유언비어.풍설.
要素,[명사]요소.
要点,[명사]요점.요부(要部).거점.근거지.
演绎,[동사]벌여놓다.전개하다.명료하게하다.밝히다.[명사]연역(법).
岩石,[명사]암석.바위.
眼神,[명사]눈의표정.눈매.(～儿)시력.
眼色,[명사]윙크.눈짓.눈치.
言论,[명사]언론.의견.
掩护,[동사]몰래보호하다.엄호하다.[명사]엄폐물.엄폐방법.
沿海,[명사]연해.바닷가근처지방.
眼光,[명사]시선.눈길.선견지명.통찰력.관점.견해.
氧气,[명사]산소.
样品,[명사]샘플.견본(품).
亚军,[명사](운동경기에서의)제2위.준우승(자).
须知,[명사]주의사항.숙지사항.[동사]반드시알아야한다.
序言,[명사]서문.서언.
虚荣,[명사]허영.헛된영화.
需求,[명사]수요.필요.
熏陶,[동사]훈도하다.훈도를받다.[명사]영향.훈도.
血压,[명사]혈압.
学位,[명사]학위.
学说,[명사]학설.
选手,[명사]선수.
悬念,[명사]서스펜스(suspense).[동사]걱정하다.근심하다.
旋律,[명사]선율.멜로디.리듬.율동.
夕阳,[명사]석양.저녁해.만년.노년.몰락하거나사양길에접어든사물.
嗅觉,[명사]후각.사물을판별하는능력.판단력.
绣[綉],[동사]수놓다.자수(刺繡)하다.[형용사]오색찬란하다.화려하다.[명사]자수(刺繡).자수품.
习俗,[명사]풍속.습속.
牺牲,[동사]대가를치르다.희생하다.(정의를위해)희생하다.자기목숨을버리다.[명사]희생.옛날제물용가축.
昔日,[명사]옛날.이전.
胸膛,[명사]가슴.흉부.
凶手,[명사]살인범.살인자.
胸怀,[명사]가슴.흉부.포부.흉금.마음.가슴.[동사]가슴[마음]에품다.
信誉,[명사]평판.신용.명성.
心眼儿,[명사]내심.마음속.심지.마음씨.기지.총기.마음.도량.
信仰,[명사]신앙.[동사]신앙하다.숭배하다.
心血,[명사]심혈.
心态,[명사]심리상태.
薪水,[명사]봉급.급료.
信念,[명사]신념.믿음.
心灵,[명사]심령.정신.[형용사]재치있는.눈치빠른.
新郎,[명사]신랑.
行政,[명사]행정.행정.사무.
形态,[명사]형태.형태.형태.
刑事,[명사]형사.
性能,[명사]성능.
性命,[명사]목숨.생명.
腥,[형용사]비린내가나다.[명사]비린내.생육.날고기.고기류.
心得,[명사]심득.느낌.
系列,[명사]계열.서로관련되어한조(組)를이루는사물.
细菌,[명사]세균.
膝盖,[명사]무릎.
媳妇,[명사]부인.마누라.동생혹은손아래친척의아내.
协议,[명사]협의.합의.[동사]협의하다.합의하다.
协会,[명사]협회.
屑,[명사]부스러기.찌꺼기.[형용사]자질구레하다.하찮다.[동사]…할만한가치가있다고여기다.
细胞,[명사]세포.
下属,[명사]부하.하급직원[관리].
效益,[명사]효과와수익.효익.
肖像,[명사](사람의)사진.화상.
消耗,[동사]소모하다.소모시키다.[명사]소모.소비.소식.기별.
消防,[명사]소방.소화와방화.
现状,[명사]현상.현황.
嫌疑,[명사]의심쩍음.혐의.
纤维,[명사](천연또는인공의)섬유.
线索,[명사]실마리.단서.(작품의)줄거리.맥락.
馅儿,[명사]만두등과같은밀가루음식재료로쓰이는것
先前,[명사]이전.예전.
先进,[형용사]선진의.남보다앞선.[명사]앞선사람.선진적인인물[집단].
闲话,[명사]험담.험구.[동사]한담하다.[명사](～儿)잡담.여담.
乡镇,[명사]향(鄕)과진(鎭).소도시.규모가작은지방도시.
向导,[명사]길안내자.가이드.[동사]길을안내하다.
巷,[명사]골목.좁은길.
宪法,[명사]헌법.
现场,[명사](사건이나사고의)현장.작업현장.현지.
嫌,[명사]혐의.의심.[동사]의심하다.싫어하다.역겨워하다.[명사]원한.미움.
弦,[명사]활시위.(～儿)줄.선.현악기.태엽.
峡谷,[명사]협곡.
霞,[명사]노을.
溪,[명사]산골짝시내[개울].시내.개천.
物资,[명사]물자.
武装,[명사]무장.군장.[동사]무장하다.무장시키다.(사상이나지식으로)채우다.무장하다.[명사]군사장비.
武侠,[명사]무협.협객.
无赖,[형용사]무뢰하다.막돼먹다.[명사]무뢰한.
误解,[동사]오해하다.[명사]오해.
舞蹈,[명사]무도.춤.[동사]춤추다.무용하다.
误差,[명사]오차.
窝[窩],[명사]둥지.둥우리.은신처.잠복처.(～儿)자리.곳.(～儿)보금자리와같은곳또는물건.
文艺,[명사]문예.문학과예술.문학.
文献,[명사]문헌.
文物,[명사]문물.
文凭,[명사]공문서.졸업증서.
温带,[명사]온대.
委员,[명사](위원회의)위원.위원.
卫星,[명사]위성.인공위성.놀랄만한새로운업적.[형용사]위성처럼어떤지역을둘러싼.
威信,[명사]위신.신망.
威望,[명사]명망.명성과인망.
维生素,[명사]비타민(vitamin).
为期,[동사]기한으로하다.약속날짜로삼다.[명사]기한.
威力,[명사]위력.
危机,[명사]위기.위험한고비.잠복된위험이나재난.위기.
微观,[명사]미시(경제용어).[형용사]미시의.미시적이다.
威风,[명사]위풍.위엄.[형용사]당당하다.늠름하다.
娃娃,[명사](갓난)아기.어린애.
玩意儿,[명사]완구.장난감.설창문예.곡예.물건.사물.(어떤)사람.사물.
妄想,[동사]망상하다.공상하다.[명사]망상.공상.
顽固,[형용사]완고하다.고집스럽다.[명사]고집쟁이.고집통(이).[형용사]보수적이다.수구적이다.고질적이다.견고하다.
往事,[명사]지난일.옛일.
往常,[명사]평소.평상시.
丸,[명사](～儿)작고둥근물건.알.환약.알약.[양사]알.환.[환약을세는단위][명사](Wán)성(姓).
外界,[명사]외부.외계.
外行,[형용사](어떤일에대해)문외한이다.경험이없다.[명사]문외한.비전문가.
外表,[명사]겉모습.외모.겉(면).표면.
土壤,[명사]토양.흙.
椭圆,[명사]타원.타원체.타원형.계란형.
途径,[명사]방법.방도.경로.과정.
推论,[동사]추론하다.[명사]추론.
徒弟,[명사]도제.제자.
团体,[명사]단체.집단.
图案,[명사]도안(圖案).
秃,[형용사]머리카락이없다[적다].머리가벗어지다.(산이)벌거숭이이다.민둥민둥하다.(물체의끝이닳아)무디다.모지라지다.(문장이)불완전하다.온전하지않다.
同志,[명사]동지.동지.동지.동지.
统计,[동사]통계하다.[명사]통계.[동사]합산하다.합계하다.[명사]통계전문가.
通货膨胀,[명사]통화팽창.인플레이션.
童话,[명사]동화.
同胞,[명사]동포.겨레.친형제자매.친동기.
提议,[동사]제의하다.[명사]제의.
体系,[명사]체계.
提示,[동사]일러주다.힌트를주다.[명사](독자를위한)도움말.
亭子,[명사]정자.
体面,[명사]체면.체통.[형용사](모양이나얼굴이)아름답다.예쁘다.떳떳하다.어엿하다.
题材,[명사]제재.문학이나예술작품의소재.
条约,[명사]조약.
调料,[명사]조미료.양념.
条理,[명사](생각·말·글등의)조리.순서.(생활·일등의)질서.짜임새.
条款,[명사]조항.조목.
天文,[명사]천문.천문학.
天堂,[명사]천당.천국.천국과같이행복한생활환경.
天然气,[명사]천연가스.
天才,[명사]천재.천부적인[타고난]재능.특출한지혜[재능].
特长,[명사]특기.장기.
陶瓷,[명사]도자기.
弹性,[명사]탄성.탄력성.유연성.탄력성.
太空,[명사]우주.높고드넓은하늘.
台风,[명사]태풍.
泰斗,[명사]태산북두.태두.권위자.대가(大家).
素质,[명사]소양.자질.소질.밑바탕.소질.천성.소질.자질.
岁月,[명사]세월.시간.
隧道,[명사]굴.터널.
四肢,[명사]사지.사체.(동물의)네다리.
思维,[명사]사유.[동사]사유하다.숙고하다.
死亡,[명사]사망.멸망.[동사]죽다.사망하다.
司令,[명사]사령.사령관.중국인민해방군의‘司令员’.
司法,[명사]사법.
书面,[명사]서면.지면.
书记,[명사]서리.서기.서기.
书籍,[명사]서적.책.
水泥,[명사]시멘트(cement).
水龙头,[명사]수도꼭지.
疏忽,[동사]소홀히하다.등한히하다.[형용사]부주의하다.꼼꼼하지않다.[명사]실수.
书法,[명사]서법.서도.서예.
数额,[명사]일정한수.정액(定額).
双胞胎,[명사]쌍둥이.
耍,[동사]놀리다.장난하다.가지고놀다.희롱하다.(수단을)부리다.피우다.공연하다.연기하다.
束,[동사]묶다.매다.[양사]묶음.다발.[동사]속박하다.제한하다.꾸리다.정리하다.
竖[竪],[형용사]수직의.세로의.[동사]똑바로[곧게]세우다.[명사](～儿)뚫을곤.‘丨’.
手艺,[명사]손재간.솜씨.
收益,[명사]수익.이득.
首要,[형용사]가장중요하다.[명사]수뇌.수반.
手势,[명사]손짓.손시늉.
手法,[명사]기교.수법.수완.수법.
实质,[명사]실질.본질.
石油,[명사]석유.
视野,[명사]시야.시계.시야.
事业,[명사]사업.(‘企业비영리적사회활동.
试验,[동사]시험하다.실험하다.[명사]시험.
事项,[명사]사항.
视线,[명사]시선.눈길.주의력.
失误,[동사]실수를하다.잘못하다.[명사]실수.실책.
事务,[명사]일.사무.총무.서무.전문적인업무.
示威,[동사]시위하다.[명사]시위.데모.[동사]위세를떨쳐보이다.
尸体,[명사](사람이나동물의)시체.
事态,[명사]사태.정황.
时事,[명사]시사.최근의국내외대사건.
使命,[명사]사명.명령.중대한책임.
实力,[명사]실력.(정치·경제적인)힘.
视力,[명사]시력.
势力,[명사]세력.
事件,[명사]사건.
事迹,[명사]사적.
时机,[명사](유리한)시기.기회.
实惠,[명사]실리.실익.[형용사]실속있다.실용적이다.
时光,[명사]시기.때.시간.세월.생활.생계살림.
事故,[명사]사고.
是非,[명사]시비.옳고그름.말다툼.
世代,[명사]여러대.대대.세대.연대.
设想,[동사]가상하다.상상하다.착상하다.고려하다.[명사]상상.가상.
社区,[명사]지역사회.(아파트등의)단지.
神仙,[명사]신선.선인(仙人).유유자적하며어느것에도얽매이지않는사람.예견이나통찰력이뛰어난사람.
神态,[명사]표정과태도.기색과자태.
绅士,[명사]신사.젠틀맨(gentleman)(지방의)유지.유력인사.
神气,[명사]표정.안색.[동사]으스대다.뽐내다.[형용사]활기차다.생기가넘치다.
声誉,[명사]명성.명예.
生物,[명사]생물.생물학(生物學).
生态,[명사]생태.
声势,[명사]성세.명성과위세.
盛情,[명사]두터운정.후의.
声明,[동사]성명하다.공개적으로선언하다.[명사]성명서.성명문.
生理,[명사]생리.생리학.
生机,[명사]활력.생명력.살아갈길.생존의기회.
省会,[명사]성도(省都).성정부소재지.
胜负,[명사]승부.승패.
牲畜,[명사]가축.
哨,[명사](～儿)호루라기.옛날군대편제의하나.초소.보초.
梢,[명사]나무(의)끝.말단.끝부분.
山脉,[명사]산맥.
上游,[명사](강의)상류(上流).앞선목표나수준.앞장.
上任,[동사]부임하다.취임하다.[형용사]전임의.[명사]전임자.
上级,[명사]상급.상부.
商标,[명사]상표.
擅长,[동사](어떤방면에)뛰어나다.잘하다.[명사]장기.재간.
刹车,[동사](자동차의)브레이크를걸다.제동을걸다.(동력을차단하여)기계를정지시키다[멈추다].멈추(게하)다.제지하다.[명사]제동기.브레이크(brake).
嫂子,[명사]형수.친구의아내에대한통칭.아주머니.
散文,[명사](운문과구별하여)산문.시·소설·희곡이외의문학작품.
弱点,[명사]약점.단점.허점.
容器,[명사]용기.
容貌,[명사]용모.생김새.
人质,[명사]인질.
人性,[명사]인성.인간의본성.
人士,[명사]인사.
人间,[명사]인간사회.세상.
人家,[대명사]남.타인.나.본인.어떤사람.어떤사람들.신분.몸.
人工,[형용사]인위적인.인공의.[명사]수공.인력.[양사](작업량의계산단위로)한사람의하루작업량.인력.
人格,[명사]인격.품격.인품.
人道,[명사]인간성.인간애.인간사.인도(人道).[동사]성교하다.[형용사]인도적이다.인간적이다.
热门,[명사]인기있는것.유행하는것.
曲子,[명사]노래.가곡.곡.
曲折,[형용사]굽다.구불구불하다.[명사]우여곡절.복잡한사정.[형용사]곡절이많다.
区域,[명사]구역.지역.
趣味,[명사]재미.흥미.취미.기호.
群众,[명사]대중.군중.민중비간부.비당원.대중.
确信,[동사]확신하다.조금도의심하지않다.[명사]확실한소식.
缺陷,[명사]결함.결점.
缺口,[명사](～儿)결함.흠집.(물질·경비등의)부족한부분.돌파구.빈틈.
渠道,[명사]관개수로.경로.방법.
权威,[명사]권위.권위자.[형용사]권위있다.
拳头,[명사]주먹.[형용사]우수한.일류의.
圈套,[명사]올가미.계략.
全局,[명사]전체국면.대세.
权衡,[명사]저울추와저울대.[동사]비교하다.따지다.
犬,[명사]개.
起源,[명사]기원.[동사]기원하다.
气压,[명사]대기압.
气象,[명사]기상.기상학.패기.기세.정경.모습.
期限,[명사]기한.시한.만기가거의다된즈음.
气味,[명사]냄새.성격과취향.
期望,[동사]기대하다.바라다.[명사]희망.기대.
丘陵,[명사]구릉.언덕.
启示,[동사]계시하다.시사하다.[명사]계시.
气势,[명사](사람또는사물의)기세.
启事,[명사]광고.공고.
气色,[명사]안색.혈색.
气魄,[명사]기백.패기.기세.힘.
旗袍,[명사]치파오.
情形,[명사]정황.상황.
倾向,[동사](한쪽으로)기울다.쏠리다.[명사]경향.추세.
请帖,[명사]청첩장.초대장.
请示,[동사](윗사람이나상부에)지시를바라다.[명사]지시요청서.
情理,[명사]이치.사리.
情节,[명사]플롯(plot).줄거리.(일의)경과.경위.
请柬,[명사]청첩장.초대장.
清晨,[명사]일출전후의시간.이른아침.
情报,[명사](주로기밀성을띤)정보.
器官,[명사](생물체의)기관.
气功,[명사]기공.(무술의일종인)기공.
气概,[명사]기개.
乞丐,[명사]거지.비렁뱅이.
起初,[명사]처음.최초.
器材,[명사]기자재.기재.
桥梁,[명사]교량.다리.중개자.매개.
前提,[명사]전제.전제조건.선결조건.
潜力,[명사]잠재능력.잠재력.
前景,[명사](가까운)장래.앞날.가장가까운경물(景物).
瀑布,[명사]폭포(수).
扑[撲],[동사]돌진하여덮치다.갑자기달려들다.(기체등이)곧바로덮쳐오다.(코를)찌르다.(어떤곳에)모든정력을쏟아붓다.몰두하다.(가볍게)치다[두드리다].(새가)날갯짓을하다.
魄力,[명사]박력.패기.
坡,[명사](～儿)비탈.언덕.[형용사]경사지다.비스듬하다.
品质,[명사]품질.질.품성.인품.
频率,[명사]빈도(수).주파수.
屏障,[명사](병풍처럼둘러쳐진)장벽.보호벽.[동사](병풍처럼)둘러싸다.차단하다.
平原,[명사]평원.
平面,[명사]평면.
评论,[동사]평론하다.논의하다.[명사]평론.논평.
品德,[명사]인품과덕성(德性).품성.
屁股,[명사]‘臀’의속칭.둔부.(동물의)궁둥이.엉덩이.끄트머리.끝.
皮革,[명사]피혁.가죽.
片刻,[명사]잠깐.잠시.
偏见,[명사]편견.선입견.
片断,[명사]토막.도막.[형용사]단편적인.불완전한.
偏差,[명사]편차.오차.오류.잘못.
劈,[동사](도끼등으로)쪼개다.패다.갈라지다.금가다.벼락이치다.[개사]정면으로향하여.
盆地,[명사]분지.
配偶,[명사]배필.배우자.
配备,[동사]배치하다.배분하다.(병력을)배치하다.두다.[명사]한벌[세트]의설비[장치·장비·기기].
泡沫,[명사](물)거품.포말.(물)거품.
判决,[동사]판결하다.선고하다.판단하다.결정하다.[명사](법률적인)판결.선고.판단.결정.
畔,[명사]가.가장자리.토지의경계.
派别,[명사]파별.파(派).
奴隶,[명사]노예.노예같은대접을받는사람.
农历,[명사]음력.농사력(農事曆).
年度,[명사]연도.
能量,[명사]에너지.능력.역량.
内幕,[명사]내막.속사정.
内涵,[명사]내포.(언어에담겨있는)내용.의미.수양.교양.
拿手,[형용사](어떤기술에)뛰어나다.능하다.[명사]성공할자신[믿음].자신감.
母语,[명사]모국어.모어.모어.
模样,[명사]모양.모습.상황.정황.대략.대강.
目光,[명사]시선.눈길.눈빛.눈초리.견해.분별력.
模型,[명사]모형.모본.모형.모형.주형(鑄型).
魔术,[명사]마술.
模式,[명사]모식.(표준)양식.
魔鬼,[명사]마귀.악마.사악한사람[세력].악마.
模范,[명사]모범.[형용사]모범적인.모범이되는.
摩擦,[동사]마찰하다.비비다.[명사]마찰.마찰.알력.
膜,[명사]막.막과같이얇은물질.
迷信,[명사]미신.맹목적인숭배[신봉].[동사](존재하지않는)귀신등을믿다.미신을믿다.맹신(盲信)하다.덮어놓고믿다.
民间,[명사]민간.비공식적.사적(私的).
名誉,[명사]명예.명성.[형용사]명예의.명의상의.
名额,[명사]정원.인원수.
名次,[명사]석차.순위.
密度,[명사]밀도.밀도.비중.
面子,[명사]체면.면목.안면.정실.표면.겉면.분말.
面貌,[명사]용모.생김새.(사물의)면모.외관.
萌芽,[동사](식물이)싹트다.움트다.[명사]새싹.맹아.[동사](사물이)발생하기시작하다.
媒介,[명사]매개자.매개물.
枚,[양사]매.장.개.발.[일부무기를세는단위][부사]하나하나.일일이.[명사]하무.
码头,[명사]부두.선창(船艙).수륙교통이편리한상업도시.
漫画,[명사]만화.
埋伏,[동사]매복하다.잠복하다.숨다.[명사]매복병.
脉搏,[명사]맥박.(사물의)발전[변화]법칙.추세.
炉灶,[명사]‘炉子(부뚜막)’와‘灶(가마목)’의합칭.
论证,[명사]논증.입론의근거.논거.[동사]논증하다.
论坛,[명사]논단.칼럼.
轮胎,[명사]타이어.타이어튜브(tiretube).
轮廓,[명사]윤곽.테두리.(일의)개요.대체적인상황.
轮船,[명사](증)기선.
理智,[명사]이지.이성과지혜.[형용사]냉정하다.침착하다.
例外,[동사]예외로하다.예외(가되)다.[명사]예외.예외적인상황.
流氓,[명사]건달.깡패.못된[불량한·나쁜]짓.비속한[상스러운]행동.유랑민.유민.
领袖,[명사]영수.지도자.
领土,[명사]영토.국토.
领事馆,[명사]영사관.
灵魂,[명사]영혼.혼.마음.정신.사물의중심.핵심요소.양심.인격.
灵感,[명사]영감.
凌晨,[명사]새벽녘.이른아침.
黎明,[명사]여명.동틀무렵.
礼节,[명사]예절.
立交桥,[명사]입체교차로.
历代,[명사]역대.대대(代代).세세(世世).[동사]각시대를겪다.
里程碑,[명사]이정표.기념비적사건.역사상이정표가되는사건.
立场,[명사]입장.태도.계급적입장.
联盟,[명사]연맹.동맹.[동사]연맹하다.[명사]연맹.
良心,[명사]선량한마음.양심.
乐趣,[명사]즐거움.기쁨.
雷达,[명사]레이더(radar).전파탐지기.
牢骚,[명사]불평.불만.[동사]넋두리하다.푸념하다.
栏目,[명사]난(欄).항목.
来源,[명사](사물의)내원.근원.[동사](사물이)기원하다.유래하다.
来历,[명사](사람이나사물의)경력.배경.
喇叭,[명사]나팔.(소리를내는)나팔모양의물건.
款式,[명사]스타일.타입.
框架,[명사]뼈대.프레임(frame).뼈대.골격.
筐,[명사]광주리.바구니.
口音,[명사]구음.입소리.
口头,[명사]구두.[형용사]구두로표현하다.말로나타내다.
口腔,[명사]구강.
口气,[명사]어조.말투.입의기운.입김.말투.말속에나타나는뜻.말투.
空想,[동사]공상하다.[명사]공상.
空隙,[명사]틈.간격.겨를.짬.틈새.빈틈.
空洞,[형용사](말이나문장에)내용이없다.요지가없다.[명사]공동.
空白,[명사]공백.여백.공백.빈자리.
孔,[명사]구멍.(Kǒng)성(姓).[형용사]통하는.[양사]동굴·유정(油井)등을세는단위.
课题,[명사](연구·토론)과제.프로젝트.(처리해야할)과제.
坑,[동사](사람을)함정[곤경]에빠뜨리다.[명사](～儿)구멍.구덩이.갱.굴.[동사](사람을)생매장하다.산채로파묻다.
科目,[명사]과목.항목.과거시험의과목.
客户,[명사]이주자.다른곳에서이주하여온사람.소작인.거래처.바이어.
卡通,[명사]만화영화.동화(動畫).만화.카툰(cartoon).
考古,[동사]고고학을연구하다.[명사]고고학.
刊物,[명사]간행물.출판물.
开支,[동사]지불하다.지출하다.[명사]지출.비용.[동사]임금[봉급]을지급하다.
局势,[명사]국세.국면.
军队,[명사]군대.
局面,[명사]국면.형세.규모.
觉悟,[동사]깨닫다.자각하다.(도리를)깨우치다.깨닫다.[명사]각오.의식.
绝望,[동사]절망하다.[명사]절망.
决策,[명사]결정된책략[정책·전술·전략·방침].[동사]책략[정책·방침]등을결정하다.
举动,[명사]동작.행위.
局部,[명사]국부.(일)부분.
剧本,[명사]극본.각본.
记载,[동사]기재하다.기록하다.[명사]기록.기사.
机遇,[명사](좋은)기회.찬스.
基因,[명사]유전자.유전인자.
纪要,[명사]기요.요록.
记性,[명사]기억력.
机械,[명사]기계.기계장치.[형용사]기계적이다.융통성이없다.
迹象,[명사]흔적.자취.
极限,[명사]극한.궁극의한계.극한(값).
纠纷,[명사]다툼.분쟁.
集团,[명사]집단.단체.(기업)집단.(기업)그룹(group).
激情,[명사]격정.열정적인감정.
技巧,[명사]기교.기예.곡예체조.텀블링(tumbling).
进展,[동사]진전하다.전진하다.[명사]진전.
金融,[명사]금융.
近来,[명사]근래.요즘.
颈椎,[명사]경추.목등뼈.
经纬,[명사](직물의)날줄과씨줄.경도와위도.경선(經線)과위선(緯線).등거리종선과횡선.[동사]계획하다.다스리다.
镜头,[명사]렌즈.(사진촬영시의)장면.화면.(영화의)커트신(cutscene).신(scene).
境界,[명사](토지의)경계.경지.
精华,[명사]정화.정수.광화(光華).광휘(光輝).
警告,[동사]경고하다.[명사]경고.
经费,[명사](사업·지출상의)경비.비용.
茎[莖],[명사]식물의줄기.줄기모양의물건.수컷의생식기.[양사]가닥.오리.
机密,[명사]기밀.극비.[형용사]기밀이다.극비이다.
季军,[명사](운동경기등의)3등.
忌讳,[동사](말이나행동을)금기하다.꺼리다.힘써피하다.삼가다.[명사]식초.
籍贯,[명사]출생지.원적.
机构,[명사]기구.기구.기구.
节奏,[명사]리듬.박자.(일이나활동의)리듬.흐름.
界限,[명사]경계.한도.
结局,[명사]결말.종국.(이야기의)결말.끝.
阶层,[명사](사회의)층.계층.계층.집단.
极端,[명사]극단.[부사]아주.(지)극히.
季度,[명사]사분기(四分期).분기.
基地,[명사]근거지.본거지.기지.
疾病,[명사]병.질병.
级别,[명사]등급.단계.
佳肴,[명사]맛있는[좋은·훌륭한]요리[안주].
家属,[명사]가솔.가속.가솔.가속.
交易,[동사]교역하다.매매하다.[명사]장사.거래.거래.
教养,[명사]교양.[동사]가르쳐키우다.교양하다.
娇气,[형용사](성격이)여리다.유약하다.(물건이)깨지기쉽다.(화초가)기르기까다롭다.[명사]연약한성격과태도.
角落,[명사]구석.모퉁이.외딴곳.외진곳.
焦点,[명사](문제나관심사의)초점.집중.초점.초점.
监狱,[명사]교도소.감옥.
见闻,[명사]견문.문견(聞見).
简体字,[명사]간화자.간체자.
舰艇,[명사]함정.
见解,[명사]견해.소견.
奖赏,[동사]상을주다.포상하다.[명사]포상.장려.
奖励,[동사]장려하다.표창하다.[명사]상(賞).상금.
将军,[명사]장군.장성.장군.[동사](장기에서)‘장군’을부르다.난감하게하다.난처하게하다.
间隔,[명사](시간·공간의)간격.사이.[동사](시간·공간상으로)간격을두다.띄우다.
桨[槳],[명사]노(櫓).
尖端,[형용사]첨단의.[명사]첨단.물체의뾰족한끝.
监督,[동사]감독하다.[명사]감독.
鉴定,[동사]감정(鑑定)하다.(사람의장단점을)평가하다.사정(査定)하다.[명사](사람에대한)평정(評定).평가.
间谍,[명사]간첩.
家伙,[명사]놈.녀석.공구.도구.녀석.놈.
家常,[형용사]평상의.보통의.[명사]가정의일상생활.일상적인일.
湖泊,[명사]호수의통칭.
火药,[명사]화약.
火焰,[명사]화염.불꽃.
活力,[명사]활력.생기.
火箭,[명사]불화살.화전.로켓.
货币,[명사]화폐.
浑身,[명사]전신.온몸.
贿赂,[동사]뇌물을주다.[명사]뇌물.
化石,[명사]화석.
华侨,[명사]화교.
患者,[명사]환자.병자.
环节,[명사]환절.고리마디.일환.
黄昏,[명사]황혼.해질무렵.
花瓣,[명사]꽃잎.화판(花瓣).
后勤,[명사]후방근무.병참보급업무.물자조달·관리업무.
喉咙,[명사]목구멍.인후.
后代,[명사]후대.후세.후대[후세]사람.후손.후대.
洪水,[명사]큰물.홍수.
和气,[형용사](태도가)온화하다.부드럽다.(관계가)화목하다.사이가좋다.[명사]화기.화목한감정.
狠心,[동사]모질게마음먹다.[형용사]모질다.잔인하다.[명사]모진마음.독한마음.
痕迹,[명사]흔적.자취.잔흔(殘痕).남은흔적.
号召,[동사]호소하다.[명사]호소.
耗费,[동사]들이다.낭비하다.[명사]소비한금액과물자.투입한비용과물자.
含义,[명사]함의.내포된뜻.
行列,[명사]행렬.행과열.행렬.대열.
海滨,[명사]해변.바닷가.
海拔,[명사]해발.
故障,[명사](기계따위의)고장.결함.
故乡,[명사]고향.
顾问,[명사]고문.
国务院,[명사]국무원.국무원.(미국의)국무성.
过失,[명사]잘못.실수.과실.
国防,[명사]국방.
棍棒,[명사]막대기.방망이.(옛날의무술용)방망이.(체조용)곤봉.
顾虑,[동사]고려하다.걱정하다.[명사]고려.염려.
贵族,[명사]귀족.특수한권리를누리는사람.
规章,[명사]규칙.규정.국가기관의규정.
规划,[동사]기획하다.계획하다.[명사]발전계획.기획.
规格,[명사]표준.규격.규정된요구나조건.
规范,[명사]규범.표준.[동사]규범에맞게하다.규범화하다.[형용사]규범에맞는.규범적인.
轨道,[명사]궤도.궤적.궤도.궤적.철로.선로.궤도.
骨干,[명사]골간.기본적이며핵심적인부분.
股份,[명사]주(株).주권.
孤独,[형용사]고독하다.외롭다.[명사]어려서아버지가없는사람과늙어서자식이없는사람.
股东,[명사]주주.출자자.
古董,[명사]골동품.골동품.
惯例,[명사]관례.관행.관례.
光芒,[명사]광망(光芒).빛살.
光辉,[명사]찬란한빛.눈부신빛.[형용사]찬란하다.밝게빛나다.
光彩,[명사]빛.광채.[형용사]영예롭다.영광스럽다.
官方,[명사]정부당국.정부측.
罐,[명사](～儿)단지.항아리.탄차(炭車).
拐杖,[명사]지팡이.단장(短杖).
钩子,[명사]갈고리.갈고리모양의물건.
构思,[동사]구상하다.[명사]구상.
工艺品,[명사](수)공예품.
功效,[명사]효능.효과.
公务,[명사]공무.
公式,[명사]공식.일반법칙.
共鸣,[명사]공명.공감.동감.
公民,[명사]국민.공민.
功劳,[명사]공로.
共和国,[명사]공화국.
公告,[명사]공고.공포.[동사]공포하다.공고하다.
宫殿,[명사]궁전.
公安局,[명사]공안국.경찰국.
个体,[명사]개체.개물(個物).자영업(자).개인사업(자).
格式,[명사]격식.양식.
根源,[명사]근원.근본원인.뿌리와수원(水源).[동사]…에서비롯되다[기원하다].
跟随,[동사](뒤)따르다.동행하다.[명사]수행원.동행.
跟前,[명사](～儿)곁.신변.(어떤시기에)가까운[근접한]때.
耕地,[동사]논밭을갈다.[명사]경지.전지.
格局,[명사]짜임새.구조.
隔阂,[명사](생각·감정의)틈.간격.
疙瘩,[명사]종기.뾰두라지.덩이.덩어리.의혹과근심.풀기힘든갈등.[형용사]의견이맞지않다.사이가좋지않다.
高明,[형용사](견해·기예등이)고명하다.빼어나다.[명사]고명한사람.
稿件,[명사]원고.작품.
高峰,[명사]고봉.최고위층절정.극치.
高潮,[명사]만조.(최)고조.클라이맥스(climax).(소설·연극·영화의)클라이맥스(climax).절정.오르가즘.
干涉,[동사]간섭하다.[명사]관계.간섭.
干劲,[명사](일하려는)의욕.열정.
岗位,[명사]직장.부서.보초서는곳.
港湾,[명사]항만.
纲领,[명사]강령.대강(大綱).지도원칙.
港口,[명사]항구.항만.
杠杆,[명사]지레.지렛대.균형을잡아주거나조정을해주는사물또는역량.지렛대.
改良,[동사]개량하다.개선하다.[명사]개량.개혁.
腹泻,[명사]설사.
辐射,[동사]복사하다.방사(放射)하다.기계파·전자파·다량의미립자가사방으로방출[방사]되다.어떤사물이비교적큰범위내에서적극적으로영향을끼치다.[명사]복사.방사.
夫人,[명사]부인.기혼여성에대한호칭.제후(諸侯)의아내에대한호칭.제왕의첩[후궁]에대한호칭.
福气,[명사]복.행운.
俘虏,[명사]포로.[동사]포로로잡다.(사상이나세력에)사로잡히다.포로가되다.
福利,[명사]복지.복리.후생복지.[동사]복리[복지]를증진시키다.
附件,[명사]부품.부분품.부속문건.관련문서[물품].
符号,[명사]기호.표기.휘장.표장(標章).
覆盖,[동사]덮다.뒤덮다.[명사]지면을덮은식물.
夫妇,[명사]부부
幅度,[명사]정도.폭.사물의변동폭.
负担,[명사]부담.책임.[동사]부담하다.책임지다.
副,[형용사]제2의.보조의.부수적인.부대적인.차등의.둘째의.[양사]켤레.쌍.
粉色,[명사]분홍색.핑크색.
分歧,[형용사]불일치하다.어긋나다.[명사]불일치.상이.
坟墓,[명사]무덤.
粉末,[명사]가루.분말.
分泌,[동사]분비하다.분비되어나오다.암석의갈라진틈이유동(流動)하는광물로메워지다.[명사]2와같은방식으로형성된광물.
分量,[명사]중량.무게.(문장·말등의)무게.중량.
奉献,[동사]삼가바치다.바치다.[명사]공헌.이바지.
风味,[명사]맛.색채.
风土人情,[명사]지방의특색과풍습.풍토와인심.
丰收,[동사]풍작을이루다.풍년이들다.좋은성적을[성과를]거두다.[명사]풍작.풍년.(좋은)성적.성과.
风趣,[형용사](말이나글등이)유머러스하다.해학적이다.[명사]유머.익살.
风气,[명사](사회나집단의)풍조(風潮).기풍(氣風).
封建,[명사]봉건제도.봉건사회[사상].[형용사]봉건적인.
风光,[명사]풍경.경치.
风度,[명사]품격.풍모.
风暴,[명사]폭풍.폭풍우.대규모사건[현상].어려운사태.
逢,[동사]만나다.마주치다.[명사](Féng)성(姓).
分寸,[명사](일이나말의)분별.분수.
分辨,[동사]분별하다.구분하다.[명사]분해.
飞跃,[동사]비약하다.나는듯이뛰어오르다.비약적으로발전하다.급격히발전하다[진보하다].[명사]비약.
废墟,[명사]폐허.
飞禽走兽,[명사]금수(禽獸).조수(鳥獸).
法人,[명사]법인.
繁体字,[명사]번체자.
反思,[명사]반성.[동사](지난일을)돌이켜사색하다.
反面,[명사](～儿)이면(裏面).뒷면.부정적이거나소극적인일면.(일·문제따위의)다른일면.
反馈,[명사]귀환(歸還).재생.피드백(feedback).귀환(歸還).[동사](정보나반응이)되돌아오다.
方针,[명사]방침.
方言,[명사]방언.
方位,[명사]방향과위치.방향.방위.
反感,[동사]반감[불만]을가지다.[명사]반감.불만.
范畴,[명사]범주.범위.유형.
番,[양사]회.차례.종.종류.[명사]외국.이민족.[동사]교대하다.교체하다.
二氧化碳,[명사]이산화탄소(CO₂).
恩怨,[명사]은혜와원한.은원.원한.
毒品,[명사]마약.
队伍,[명사](조직적인)대열.행렬.(조직이있는)집단.단체.군대.
对联,[명사]대련.주련.
对策,[명사]대책.대응책.대책.
端午节,[명사]단오.
端,[형용사]똑바르다.곧다.바르다.단정하다.[동사]받들다.받쳐들다.[명사](사물의)끝.
动态,[명사](일·사건의)변화[발전]하는상태[움직임].동태.약동하는자태[이미지·표정·형상].[형용사]동태적인.동태적으로고찰한[살핀].
董事长,[명사]대표이사.회장.
动脉,[명사]동맥.(교통의)동맥.주요간선(幹線).
动力,[명사]동력.동력.원동력.
动静,[명사]동정.동태.인기척.
动机,[명사]동기.
东道主,[명사](손님을초대한)주인.주최측.
栋[棟],[명사]마룻대.용마루.집.[양사]동.채.[건물을세는단위]
地质,[명사]지질.지질학.
地势,[명사]지세.땅의형세.
定义,[명사]정의(定義).
地步,[명사](도달한)정도.지경.형편.상황.여지.
堤坝,[명사]댐과둑.물을가로막는건축물.
雕塑,[동사]조소(彫塑)하다.[명사]조소품.조각과소조품.
雕刻,[동사]조각하다.[명사]조각(작)품.
电源,[명사]전원.
典型,[명사]전형.대표적인인물[일].[형용사]전형적인.[명사]전형.
典礼,[명사](성대한)식.의식.
垫[墊],[동사]받치다.깔다.[명사](～儿)방석.깔개.[동사](부족한것을)채우다.메우다.잠시돈을대신내다.입체(立替)하다.
灯笼,[명사]등롱.초롱.
等级,[명사]등급.차별.계급.[형용사]등급을나눈.등급에이른.
大体,[부사]대체로.대략.[명사]중요한이치[도리].대체.대체적인[대략적인]상황.
导向,[동사]유도하다.(어느방향으로)이끌다.(어느방향으로)발전시키다.전진시키다.[명사]인도하는[이끌어가는]방향.
稻谷,[명사]벼.
导弹,[명사]유도탄.미사일.
淡水,[명사]담수.민물.
淡季,[명사]비성수기.불경기계절.
当事人,[명사]관계자.당사자.소송당사자.
当前,[명사]현재.현단계.[동사]직면하다.눈앞에닥치다.
档次,[명사](품질등의)등급.등차.
当初,[명사]당초.애초.당시.그때.
档案,[명사](공)문서.서류.
党[黨],[명사]당.정당.중국공산당.집단.단체.당.
诞辰,[명사]탄신.생일.
蛋白质,[명사]단백질.
歹徒,[명사]악인.악당.
代价,[명사]대가.물건값.가격.
答复,[동사]회답하다.답변하다.[명사]답변.회답.
搭档,[동사]협력[협업·협동]하다.짝이되다.[명사]협력자.짝.
大臣,[명사]대신.중신.대신.[입헌군주국가의내각구성원[장관]]
挫折,[명사]좌절.실패.[동사]좌절시키다.패배시키다.
丛[叢],[명사]덤불.수풀.[동사]떼지어모이다.군집하다.[명사](사람·물건등의)무리.떼.(Cóng)성(姓).
次序,[명사](시간·공간에서의)차례.순서.
雌雄,[명사]자웅.암컷과수컷.승패.승부.
次品,[명사]질이낮은물건.등외품(等外品).
刺,[동사](뾰족한물건으로)찌르다.뚫다.[명사](～儿)가시.바늘.[동사]정탐하다.살피다.암살하다.
储蓄,[동사]저축하다.비축하다.(돈을은행에)저축·저금하다.[명사]저금.예금.
出息,[명사]전도(前途).발전성.[동사]장래성이있게양성하다.전도가있게양성하다.자태·용모가좋은방면으로발육·변화하다.발전이있다.수익[이익]을올리다.
出身,[명사]신분.출신.벼슬아치의최초경력.[동사]어떤신분을갖고있다.
出路,[명사]발전의여지.활로(活路).출로.출구.(상품의)판로.
处境,[명사](처해있는)처지.환경.
锤[錘],[명사]추(錘).(～儿)쇠망치.장도리.[동사]쇠망치로치다[두드리다].단련하다.[명사]추(錘)와비슷한물건.
处分,[동사]처벌하다.처분(處分)하다.처리하다.[명사]처벌.처분.
储存,[동사](돈·물건등을)모아두다.쌓아두다.[명사]저장량.
储备,[동사](물자를)비축하다.저장하다.[명사]비축한물건.예비품.
创作,[동사](문예작품을)창작하다.[명사]문예창작(품).
创新,[명사]창의성.창조성.[동사]옛것을버리고새것을창조하다.
床单,[명사]침대보.침대시트(sheet).
传单,[명사]전단(지).삐라.
传达,[동사]전하다.전달하다.기관·학교·공장등의입구에서내빈을접수하고안내하다.표현하다.나타내다.[명사]접수원.수위.
船舶,[명사]배.선박.
串,[동사]꿰다.잘못연결하다.뒤섞이다.[명사](～儿)꿰어이루어진물품.꼬치.[양사](～儿)꿰미.송이.
冲突,[동사](모순의표면화로)충돌하다.싸우다.모순되다.상충하다.[명사]모순.충돌.갈등.모순.
冲动,[명사]충동.[동사]격해지다.흥분하다.
赤字,[명사]적자.결손.
赤道,[명사]적도.천구적도(天球赤道).
成员,[명사]성원.구성원.
成心,[부사]고의로.일부러.[명사]선입견.편견.
成效,[명사]효능.효과.
成天,[명사]하루종일.온종일.
承诺,[동사]승낙하다.대답하다.[명사]승낙.대답.
称号,[명사](주로영광스런)칭호.호칭.
成本,[명사]원가.자본금.
城堡,[명사](보루식의)작은성.성보.
秤,[명사]저울.대저울.
橙,[명사]오렌지나무.등자나무.오렌지.등자.[형용사]오렌지[귤]색의.등황색의.
沉淀,[동사]침전하다.가라앉다.모이다.쌓이다.[명사]침전물.
潮流,[명사]조류.(사회적)추세.조류.
产业,[명사]산업.공업.부동산.
倡议,[동사]제의하다.제안하다.[명사]제의.제안.
场所,[명사]장소.
场面,[명사]장면.신(scene).(특정장소의)정경.광경.장면.광경.겉치레.체면.
场合,[명사]특정한시간[장소·상황·경우·장면].
刹那,[명사]찰나.순간.
柴油,[명사]중유.디젤(diesel)유.
岔,[명사](산맥·하류(河流)·도로의)분기점.갈림길.[동사](원래방향에서)어긋나다.빗나가다.(시간이)엇갈리게하다.(시간의)충돌을피하다.(말을끊고)화제를바꾸다.말머리를돌리다.
层次,[명사]단계.순서.순서.단계.(서로관련된)각급기구.
侧面,[명사]옆면.측면.(전체를구성하는)한측면.어떤방면.
策略,[명사]책략.전술.[형용사]전략적이다.전술적이다.
测量,[동사]측량하다.[명사]측량.측정.[동사]시험을통해가늠하다[따져보다·평가하다].
策划,[동사]획책하다.계획하다.기획하다.꾸미다.[명사]기획자.
草案,[명사]초안.
参谋,[명사]참모.[동사]조언하다.권하다.[명사]카운셀러.상담자.
仓库,[명사]창고.곳간.
舱[艙],[명사]객실.선실.
财政,[명사]재정.
财务,[명사]재무.재정.
彩票,[명사]복권.
裁判,[명사]심판.레퍼리(referee).[동사]심판을보다.심판을서다.(제삼자가)판정하다.
采购,[동사]구입하다.골라사다.[명사]구매담당직원.구매원.
才干,[명사]능력.재간.
财富,[명사]부(富).재산.
裁缝,[명사]재봉사.
部位,[명사]부위.
补贴,[명사]보조금.수당.[동사]보조하다.보태주다.
部署,[동사]배치하다.안배하다.[명사]배치.안배.
布局,[명사]구도.짜임새.(작문·그림등의)구성.짜임새.[동사](장기나바둑에서)포석하다.
布告,[명사]게시문.포고문.[동사]공고하다.통고하다.
步伐,[명사]대오의보조(步調).걸음걸이.발걸음.(일이진행되는)속도.순서.
伯母,[명사]백모.큰어머니.아주머니.
博览会,[명사]박람회.
波浪,[명사]파도.물결.
比重,[명사]비중.비중.
比喻,[명사]비유(법).[동사]비유하다.
鼻涕,[명사]콧물.
冰雹,[명사]우박.
比方,[동사]비유하다.예를들다.[접속사]예컨대.예를들어.[명사]비유.예.[접속사]만약.만일.
别墅,[명사]별장.
弊端,[명사]폐단.폐해.
弊病,[명사]폐단.문제점.
标题,[명사]표제.제목.[동사]제목을달다.표제를달다.
表态,[동사]태도를표명하다.입장을밝히다.[명사](표명한)태도.입장.
标记,[명사]표기.[동사]표기하다.
标本,[명사]표본.시료(試料).지엽과근본.표본.
辫子,[명사]땋은머리.변발.땋은머리같은것.결점.약점.
边缘,[명사]가장자리부분.가.직전.끝자락.[형용사]경계에근접한.여러방면과관련된.
贬义,[명사]부정적이거나혐오적인의미.
便条,[명사]메모.쪽지.비공식적인편지나통지문.
边境,[명사]국경지대.변경.
边界,[명사](지역간의)경계선.(토지의)경계.범위.국경선.
边疆,[명사]국경지대.변경.
变故,[명사]변고.재난.
扁,[형용사]평평하다.납작하다.(글자나도형의)상하높이가좌우의폭보다좁다.얕보다.깔보다.[명사](Biǎn)성(姓).
臂,[명사]팔.윗팔.상박(上膊).동물의앞다리.일부기계에서팔처럼뻗어나온부분.
本事,[명사]능력.재능.
本身,[명사]그자신.그자체.
本人,[명사](1인칭의)나.본인.(사건의)본인.당사자.
本钱,[명사](장사·도박에서의)본전.원금.밑천.자본.
本能,[명사]본능.[부사]본능적으로.
备忘录,[명사](일반적인)비망록.회의록.(외교상의)비망록.
贝壳,[명사]조가비.패갑(貝甲).
北极,[명사]북극.자북극(磁北極).
备份,[동사]예비분을복제하다.(디스켓등에)백업(backup)하다.카피(copy)하다.숫자를채우다.[명사]예비(분).
悲哀,[형용사]슬프고애통하다.비통해하다.[명사]비애.슬픔.
把手,[명사]손잡이.핸들.
包装,[동사](물건을)포장하다.(사람이나사물을)포장하다.잘꾸미다.[명사]포장.
保障,[동사]보장하다.보증하다.확보하다.[명사]보장.보증.
包围,[동사]포위하다.에워싸다.휩싸이다.뒤덮이다.포위하다[명사]포위망.
保姆,[명사]보모.가정부.
暴力,[명사]폭력.(국가의)강제적힘.공권력.
保管,[동사]보관하다.[부사]꼭.틀림없이.[명사]관리인.보관자.
报复,[동사]보복하다.앙갚음하다.[명사]보복.앙갚음.
包袱,[명사]부담.짐.보.보자기.(보자기로싼)보따리.꾸러미.·快书웃음보따리.웃음거리.
抱负,[명사]포부.큰뜻.
报酬,[명사]보수.대가.월급.급여.
伴侣,[명사]배우자.반려자.동반자.동료.
榜样,[명사]모범.본보기.
磅,[명사](중량단위인)파운드(pound).포인트(point).앉은뱅이저울.[동사](저울로)무게를달다.
版本,[명사]판본.
霸道,[명사]패도.[형용사]횡포하다.포악하다.
疤,[명사]상처.흉터.(기물에생긴)흠(집).
奥秘,[명사]신비.비밀.
暗示,[동사]암시하다.[명사]암시.암시.
案例,[명사]사례.(사건·소송등의)구체적인예.
案件,[명사](법률상의)사건.사안.
癌症,[명사]암의통칭.
知足常乐,만족함을알면항상즐겁다
烟花爆竹,불꽃놀이폭죽
涮火锅,중국식신선로(샤브샤브)를먹다
潜水,내용만읽고답글은달지않음[동사]잠수하다.[명사]지하수.
纽扣儿,단추
竭尽全力,모든힘을다기울이다
不屑一顾,거들떠볼가치도없다.
总而言之,총괄적으로말하면.요컨대.
自力更生,자력갱생하다.
子弹,탄두(枪弹)'의낮은말.
主流,(강물의)간류(幹流).본류(本流).[명사]주류.
众所周知,모든사람이다알고있다.
智商,지능지수(智力商数)'의약칭.
争先恐后,뒤질세라앞을다투다.
朝气蓬勃,생기가넘쳐흐르다.생기발랄하다.
斩钉截铁,맺고끊다.언행이단호하다.
再接再厉,"수탉이서로싸울때,쪼기전에항상부리를다듬다.더욱더힘쓰다.한층더분발하다."
与日俱增,날이갈수록많아[더해]지다.날로늘어나다[커지다].성장[신장]상황이계속되다.
有条不紊,(말·행동이)조리있고질서정연하다.일사불란하고이치에들어맞다.
优胜劣汰,우승열패하다.나은자는이기고못한자는패하다.
一丝不苟,(일을함에있어서)조금도소홀히하지않다.조금도빈틈이없다.
一如既往,지난날과다름없다.
一目了然,일목요연하다.한눈에환히알다[보다].
一举两得,일거양득.일석이조.
一帆风顺,순풍에돛을올리다.일이순조롭게진행되다.
循序渐进,순차적으로진행하다[나아가다].점차적으로제고[발전·심화]시키다.
雪上加霜,설상가상.눈위에서리가내리다.설상가상이다.엎친데덮친격이다.
悬崖峭壁,깎아지른듯한절벽.험준한산세.
喜闻乐见,기쁜마음으로듣고보다.즐겨듣고즐겨보다.
欣欣向荣,(초목이)무성하다.무럭무럭자라다.(사업이)번창하다.활기차게발전하다.
兴致勃勃,흥미진진하다.
兴高采烈,매우기쁘다.신바람이나다.
新陈代谢,(신진)대사.물질대사.신진대사.
小心翼翼,엄숙하고경건하다.조심하고신중하여추호도소홀함이없다.매우조심스럽다.
相辅相成,서로보완하고도와서일을완성하다.서로도와서일이잘되어나가도록하다.
想方设法,온갖방법을다생각하다.갖은방법을다하다.
无忧无虑,아무런근심[걱정]이없다.
无微不至,사소[세세]한데까지신경을쓰다.배려하고보살핌이세심하고주도면밀하다.
无穷无尽,무궁무진하다.무진장하다.
无能为力,힘을제대로쓰지못하다.능력이없다.
物美价廉,상품의질이좋고값도저렴하다.
无理取闹,아무런까닭없이남과다투다.고의로소란을피우다.
无动于衷,(마음속에)아무런느낌이없다.마음에전혀와닿지않다.전혀무관심하다.
微不足道,하찮아서말할[언급할]가치도없다.
统筹兼顾,여러방면의일을통일적으로계획하고두루돌보다.
天伦之乐,가족이누리는단란함[즐거움].
滔滔不绝,끊임없이계속되다.말이끝이없다.
肆无忌惮,제멋대로굴고전혀거리낌이없다.
实事求是,실사구시.사실에토대로하여진리를탐구하다.
深情厚谊,깊고돈독한정(情).
伤脑筋,골치를앓다.골머리를썩이다.
日新月异,나날이새로워지다.변화와발전이빠르다.
任重道远,"맡은바책임은무겁고,갈길은멀기만하다.책임이무겁다."
热泪盈眶,뜨거운눈물이눈에그렁그렁하다.매우감격하다[흥분하다·감동하다].
全力以赴,(어떤일에)전력투구하다.최선을다하다.
旗帜,[명사]기.깃발.본보기.모범.기치.
岂有此理,어찌이럴수가있단말인가?이런경우가어디있단말인가?언행이도리나이치에어긋나다.
齐心协力,한마음한뜻으로함께노력하다.
迄今为止,지금에이르기까지.
锲而不舍,중도에그만두지않고끝까지조각하다.나태함없이끈기있게끝까지해내다.
潜移默化,한사람의사상이나성격등이어떤영향을받아부지불식간에변화가생기다.은연중에감화되다.
千方百计,갖은방법[계략]을다써보다[생각하다].
恰到好处,(말·행동등이)꼭들어맞다.아주적절하다.
迫不及待,일각도지체할수없다.잠시도늦출수없다.
难能可贵,쉽지않은일을해내어대견스럽다.매우장하다.
纳闷儿,"답답하다,속이터진다궁금하다，알고싶다"
墨水儿,먹물.잉크.
莫名其妙,영문을알수없다.어리둥절하게하다.아무도그오묘함을설명할수없다.대단히오묘하다.
名副其实,명성과실상이서로부합되다.명실상부하다.
络绎不绝,왕래가빈번해끊이지않다.내왕이빈번하다.
理直气壮,이유가충분[정확]하여하는말이[태도가]당당하다[떳떳하다].
力所能及,자기능력으로해낼수있다.힘이닿는데까지.
理所当然,도리로보아당연하다.당연히그렇다.
苦尽甘来,고진감래.고생끝에낙이온다.
空前绝后,전무후무(前無後無)하다.이전에도없었고앞으로도없다.대단한성취혹은성황.
刻不容缓,일각도지체할수없다.잠시도늦출수없다.
举足轻重,실력자가두강자사이에서한쪽으로조금만치우쳐도세력의균형이깨진다.대단히중요한위치에있어서일거수일투족이전체에중대한영향을끼치다.
举世瞩目,전세계사람들이주목하다.
聚精会神,정신을집중하다.전심하다.
急于求成,"객관적인조건을무시하고,서둘러목적을달성하려하다."
津津有味,흥미진진하다.감칠맛나다.아주맛있다.
精益求精,훌륭하지만더욱더완벽을추구하다.
兢兢业业,신중하고조심스럽게맡은일을부지런하고성실하게하다.근면하고성실하게업무에임하다.
精打细算,세밀하게계산하다.면밀하게계획하다.
井,[명사]우물.우물모양이나우물의틀모양을하고있는것.정.취락(聚落).향리.
急功近利,조급한성공과눈앞의이익에만급급하다.
家喻户晓,집집마다다알다.사람마다모두알다.
见义勇为,정의로운일을보고용감하게뛰어들다.불의를보면참지못하다.
见多识广,보고들은것이많고식견도넓다.박식하고경험이많다.
画蛇添足,뱀을그리는데다리를그려넣다.쓸데없는짓을하여도리어일을잘못되게하다.재주를피우려다일을망치다.
恍然大悟,문득모든것을깨치다.갑자기모두알게되다.
后顾之忧,뒷걱정.뒷근심.후방걱정.가족걱정.
归根到底,근본으로돌아가다.결국.
供不应求,공급이수요를따르지못하다.공급이딸리다.
各抒己见,각자자기의의견을발표하다.
根深蒂固,기초가튼튼하여쉽게흔들리지않다.
兜,[명사](～儿)호주머니.주머니.[동사]싸다.품다.책임을지다.떠맡다.우회하다.빙돌다.
东张西望,여기저기두리번거리다.이쪽저쪽을연달아돌아보다.
丢三落四,흐리멍덩하다.이것저것빠뜨리다.
得天独厚,우월한자연조건을갖고있다.특별히좋은조건을갖추다.처한환경이남달리좋다.
得不偿失,얻는것보다잃는것이더많다.
当务之急,당장급히처리해야하는일.급선무.
川流不息,(행인·차량등이)냇물처럼끊임없이오가다.꼬리에꼬리를물고이어지다.
称心如意,마음에꼭들다.자기마음에완전히부합되다.
层出不穷,끊임없이나타나다.꼬리를물고나타나다.
不择手段,목적을달성하기위하여수단방법을가리지않다.
不言而喻,말하지않아도안다.말할필요도없다.
不相上下,우열을가릴수없다.막상막하.수준이대등하다.
不可思议,불가사의하다.사람의사유로는헤아릴수없다.이해할수없다.상상할수없다.
不敢当,감당하기어렵습니다.황송합니다.
博大精深,사상·학식이넓고심오하다.
被告,피고(인)
饱经沧桑,세상만사의변화를실컷경험하다.
半途而废,일을중도에그만두다.도중에포기하다.
爱不释手,너무나좋아하여차마손에서떼어놓지못하다.
噪音,소음.
元素,'화학원소(化学元素)'의약칭.[명사]요소.원소.
摇滚,로큰롤(摇滚乐)의약칭.[동사]흔들고구르다.
无精打采,풀이죽다.
田径,육상경기.[명사]논길.밭길.
俗话,속담.옛말.
水利,'수리공사(水利工程)'의약칭.[명사]수리.
收音机,라디오.
师范,사범학교(师范学校)'의약칭.[명사]본보기.모범.
慢性,[형용사]만성의.느긋한.
立体,기하체.[명사]입체.[형용사]입체의.입체감을주는.전면적인.다각도의.
酒精,알코올.
机灵,영리하다.똑똑하다.재치있다.눈치빠르다.약삭빠르다.재빠르다.
基金,[명사]기금.기본금.펀드(fund)．
结晶,[명사]결정.소중한[진귀한]성과[결과].[동사]결정하다.결정체.결정.
话筒,"마이크로폰,마이크(微音器)'의낮은말.메가폰(megaphone).[명사]전화기의송수화기."
化肥,화학비료
公关,공공(公共)관계[명사]섭외.홍보.
打官司,소송하다.고소하다.
钞票,지폐.돈.
奔驰,[동사](차나말등이)질주하다.폭주하다.벤츠
拔苗助长,일을급하게이루려고하다가도리어일을그르치다.
炊烟,[명사]밥짓는연기.
慈善,[형용사]동정심이많다.남을배려하다.자선을베풀다.
从容,[형용사]침착하다.조용하다.허둥대지않다.태연자약하다.(시간이)느슨하다.여유있다.(경제적으로)넉넉하다.여유가있다.
斑,[명사]얼룩.반점.[형용사]얼룩이있는.반점이있는.알록달록하다.얼룩얼룩하다.얼룩덜룩하다.
恶心,[동사]구역이나다.속이메스껍다.오심이나다.혐오감을일으키다.난감하게하다.속을뒤집어놓다.무안을주다.
方圆,[명사]주변의길이[거리].주위.주변.사각형과원형.일정한규칙과표준.
废寝忘食,침식(寢食)을잊다.(어떤일에)전심전력하다.매우몰두하다.
抚摸,[동사]어루만지다.쓰다듬다.
新娘,신부.
俯视,[동사]굽어보다.내려다보다.부시(俯視)하다.
报警,[동사]경찰에신고하다.긴급[경보]신호를보내다.
钙,[명사]칼슘.
嘿,"[감탄사](득의함이나찬탄을나타내어)야.이봐.(남을부르거나주의를환기시켜)어이.이봐.여보시오.(놀라움을나타내어)하.허.야.[의성어·의태어]헤헤.[웃음소리를나타내며,주로중첩해서씀]"
呼唤,[동사]외치다.소리치다.부르짖다.고함치다.큰소리로부르다.부르다.
花蕾,[명사]꽃봉오리.꽃망울.
晃,[동사]번개같이스쳐지나가다.번쩍하고지나가다.[형용사]밝게빛나다.밝다.환하다.[동사](빛이)눈부시게하다[빛나다].바로보지못하게하다.
荤,[명사]훈채(葷菜).육식.육류로만든요리.고기요리.[형용사]선정적인.외설의.음란한.저속한.저질의.
鄙视,[동사]경멸하다.경시하다.무시하다.업신여기다.깔보다.얕잡아보다.
剑,[명사]검.양쪽에날이있는큰칼.펜싱검.플뢰레(fleuret).
将就,[동사]그런대로…할만하다.아쉬운대로…할만하다.
侥幸,[형용사]요행하다.뜻밖에운이좋다.
节制,[동사]지휘통솔하다.통제관리하다.절제[제한·컨트롤(control)·조절·통제]하다.
截止,[동사]마감하다.일단락짓다.
锦上添花,아름다운비단위에꽃을수놓다.금상첨화.좋은일에또좋은일이더해지다.더없이좋다.
敬业,[동사]자기의일에최선을다하다.직업의식이투철하다.맡은바업무에전심전력을기울이다.
居民,[명사]주민.거(주)민.
倔强,[형용사](성격이)강하고고집이세다.
君子,[명사]높은관직에있는사람.지위가높은사람.나리.군자.학식과덕망이높은사람.
侃侃而谈,당당하고차분하게말하다.
砍伐,[동사](톱·토끼등으로)나무를베다[자르다].벌채하다.벌목하다.
克制,[동사]억제하다.자제하다.억누르다.
扣,[동사]채우다.걸다.구류하다.압류하다.(세금따위를)공제하다.빼다.(사발따위를)뒤집어놓다.엎어놓다.
枯萎,[동사]시들다.마르다.오그라들다.
哭泣,[동사](작은소리로)흐느껴울다.홀짝홀짝울다.
苦涩,[형용사]씁쓸하고떫다.괴롭다.
宽容,[형용사]너그럽다.포용력이있다.너그럽게받아들이다[용서하다].관용하다.
矿产,[명사]광산물.
狼吞虎咽,게걸스럽게먹다.마파람에게눈감추듯하다.
冷落,[형용사]쓸쓸하다.조용하다.적막하다.한산하다.[동사]냉대하다.푸대접하다.
礼尚往来,예는서로왕래하면서교제하는것을귀히여긴다.예의상오가는것을중시한다.오는정이있으면가는정이있다.
力求,[동사]온갖노력을다하다.몹시애쓰다.힘써추구하다[찾다·모색하다].
利害,[형용사]무섭다.사납다.무시무시하다.상대하기어렵다.엄하다.준엄하다.엄격하다.매섭다.대단하다.굉장하다.극심하다.심각하다.지독하다.극렬하다.
啰唆,[형용사]말이많다.수다스럽다.(일이)자질구레하다.번잡하다.번거롭다.성가시다.[동사]수다떨다.잔소리하다.중언부언하다.
蚂蚁,[명사]개미.
拨,[동사]움직이다.밀다.젖히다.헤치다.이동배치하다.(일부를)떼어주다.나누어주다.배포하다.[양사](～儿)무리.조.떼.[동사]타다.켜다.
冒犯,[동사](상대에게)무례하다.실례하다.기분[감정]을상하게하다.불쾌하게하다.비위를거스르다.
波涛,[명사]파도.
播种,[동사]파종하다.씨를뿌리다.
瞄准,[동사](사격목표물을)겨누다.겨냥하다.조준하다.(특정한대상을)겨누다.겨냥하다.조준하다.
藐视,[동사]경시하다.얕보다.깔보다.경멸하다.업신여기다.
明智,[형용사]총명하다.현명하다.
南辕北辙,속으로는남쪽으로가려하면서수레는도리어북쪽으로몰다.하는행동과목적이상반되다.
逆行,[동사]역행하다.
拧,[동사]틀다.비틀다.비틀어돌리다.뒤바뀌다.전도되다.틀리다.잘못하다.실수하다.틀어지다.어긋나다.저촉하다.모순되다.
哦,[감탄사](놀람·반신반의를나타내어)어!어머!어허!
偶像,[명사]우상.미신등의대상물.우상숭배.진심으로경배나흠모를받는현사(賢士).
排练,[동사]무대연습을하다.리허설을하다.
撇,[동사]던지다.내던지다.뿌리다.(밖으로)기울다.입을삐죽거리다.[명사]삐침.‘丿’
平庸,[형용사]평범하다.보통이다.그저그렇다.예사롭다.용속하다.
屏幕,[명사]영사막.스크린(screen).
启蒙,[동사]계몽하다.기초지식을전수(傳授)하다.
气质,[명사]기질.성미.성격.성질.소질.자질.풍채.기개.도량.품격.풍격.
窍门,[명사](문제를해결할)방법.비결.요령.
亲密,[형용사]관계가좋다.사이가좋다.친밀하다.
儒家,[명사]유가.유학자.
骚扰,[동사]소란을피우다.교란하다.훼방놓다.폐를끼치다.
上进,[동사]향상하다.진보하다.
尚且,[접속사]…조차…한데.그럼에도불구하고.여전히.
生肖,[명사]사람의띠.
盛,[형용사]흥성하다.번성하다.풍성하다.풍부하다.충족하다.왕성하다.강렬하다.세차다.기운차다.성대하다.
失事,[동사]의외의사고가발생하다.
视频,"[명사]영상신호주파수.동영상,화상캠(채팅)"
首饰,[명사]머리장식품.장신구.
疏远,[형용사](관계나감정적으로)소원하다.멀다.가깝지않다.거리가있다.[동사]멀리하다.
瞬间,[명사]순간.눈깜짝하는사이.순식간.삽시간.
素食,[명사]소식.채식.야채·과일류간식.평소의[소박한·간단한]음식.[동사]소식하다.채식하다.
索取,[동사]요구하다.달라고하다.구하다.(애써서)얻어내다.받아내려고독촉하다.받아내다.
摊,[동사]늘어놓다.벌이다.펴다.펼쳐놓다.[명사](～儿)노점.[양사]웅덩이.무더기.[질펀하게널린액체나엉겨있는풀모양의것에쓰임][동사]만나다.부딪히다.맞닥뜨리다.
陶醉,[동사]도취하다.
讨好,[동사]잘보이다.환심을사다.기분을맞추다.비위를맞추다.영합하다.눈에들다.좋은결과를얻다.
体裁,[명사]체재.장르.표현양식.
天赋,[동사]천부적이다.타고나다.[명사]타고난자질[소질].
插座,[명사]콘센트.소켓.
通缉,[동사]지명수배하다.
投诉,[동사](기관·관계자에게)호소하다.하소연하다.고발하다.신고하다.고소하다.불평하다.제소하다.
透露,[동사]넌지시드러내다.누설하다.흘리다.드러나다.내비치다.나타나다.암시하다.시사하다.
吞吞吐吐,[형용사](말을)얼버무리다.우물쭈물하다.떠듬거리다.이리저리둘러대다.
唾弃,[동사]돌아보지않고버리다.타기하다.혐오하다.경멸하다.깔보다.미워하고싫어하다.
蔚蓝,[형용사](맑은하늘처럼)짙푸른.쪽빛의.짙은남색의.
无辜,[형용사]무고하다.죄가없다.[명사]무고한사람.
物业,[명사]산업.가옥등의부동산.
颤抖,[동사]부들부들떨다.와들와들떨다.덜덜떨다.벌벌떨다.
陷阱,[명사]함정.흉계.악계.속임수.
相声,[명사]만담.재담.
削,[동사]깎다.벗기다.깎아[잘라]내다.제거하다.(공을)커트(cut)하다.
潇洒,[형용사]자연스럽고품위가있다.멋스럽다.말쑥하다.소쇄하다.스마트하다.대범하다.시원스럽다.자유스럽고얽매이지않다.거리낌이없다.
心甘情愿,내심만족해하며달가워하다.기꺼이원하다.
汹涌,[형용사]물이용솟음치다.물이세차게일어나다.흉용하다.물이용솟음치고출렁이는모양.
修养,[동사](도교신도가)수련[수양]하다.교양이나학식을쌓다.[명사]수양.교양.
喧哗,[형용사]떠들썩하다.시끌시끌하다.요란하다.시끄럽다.[동사]떠들다.떠들어대다.소란을피우다.
悬殊,[형용사]차이가크다.큰차가있다.동떨어져있다.
炫耀,[동사]밝게비추다.눈부시게빛나다[비치다].자랑하다.뽐내다.과시하다.
巢穴,[명사](새나짐승의)집.(도적등의)소굴.은신처.잠복처.거점.아지트.
鸦雀无声,까마귀와참새소리마저도없다.매우고요하다.쥐죽은듯이조용하다.
遗失,[동사]유실하다.분실하다.잃어버리다.
衬托,[동사]부각시키다.돋보이게하다.받쳐주다.부상시키다.두드러지게하다.안받침하다.
玉,[명사]옥.상대방의신체·행동혹은상대방과관련있는사물의존칭에쓰임.[형용사]옥처럼투명하고깨끗하고아름답다.[명사](Yù)성(姓).
岳母,[명사]장모.
招标,[동사]입찰공고하다.청부입찰자를모집하다.
震撼,[동사]진동시키다.뒤흔들다.흥분[감동]시키다.
正宗,[명사]정종.정종.정통(파).[형용사]정통의.진정한.
之际,[명사](일이발생한)때.즈음.
执着,[형용사]집착하다.고집스럽다.융통성이없다.집착하다.끈기있다.끝까지추구하다.끈덕지게하다.
直径,[명사]직경.
侄子,[명사]조카.
致力,[동사]힘쓰다.진력하다.
种植,[동사]종식하다.재배하다.씨를뿌리고묘목을심다.
主义,[명사]주의.주의.주의.
砖,[명사]벽돌.벽돌모양으로생긴것.
庄稼,[명사](농)작물.
坠,[동사]떨어지다.추락하다.낙하하다.(무거운것이)매달리다.드리우다.아래로늘어지다.떨구다.처지다.수중에가라앉다.[명사](～儿)매달린물건.드리운것.
滋润,[형용사]습윤하다.촉촉[축축]하다.편안하다.안락하다.윤택하다.[동사]촉촉하게적시다.축이다.
迟钝,[형용사]둔하다.느리다.굼뜨다.무디다.
琢磨,[동사]깊이생각하다.사색하다.음미하다.궁리하다.
